"Customer ID","Audit Event Customer ID","RFT Event ID","RFT Joiner ID","User Name","Queue Position","RFT Joiner Initial Amount","Available Amount","Amount","Execution Status","Is Canceled","Event IP Address","Audit Event Type","Audit Event User","RFT ID","RFT ID Direction","Direction","RFT ID Final Status","All Or Nothing","Base Currency","Dealer Group ID","RFT Initial Amount","Short Name","Is Anonymous","Price","Time In Force","Mid Price","Timestamp","Block Trade","Entry Method","Aggressor Initial Amount","Book","Capacity","Timezone","Order Type","Order Expiry Time","Quote Type","MIC","Is Internal","Maturity Date","Notional Multiplier","Effective Date","Order Region Code","RFT Shown Amount","Order Status Origin","Comment","UTI","Fixed Term","Floating Rate Index","Floating Term","Trade ID"
"MBUS","MBUS","000000000029819JALO1","000000000023761JILO1","megatrader2@rtxfintech.com","1","50","50","50","NONE","false","HOST: 0.0.0.0","CREATE","megatrader2@rtxfintech.com","000000000022250XILO1","SELL","OFFER","CANCELLED","false","USD","000000000000001GILO1","50","10YS","NO","-30.625","30","-30.500","07/24/2023 16:28:25.232","NO","Electronic","0","","PRINCIPAL","UTC","LIMIT","07/24/2023 16:28:55.208","bps","RTXF","","07/26/2033","MILLION","07/26/2023","AMRS","ZERO","Manual","","USI","1Y","SOFR","1Y",""
"MBUS","MBUS","000000000029820JALO1","000000000023761JILO1","megatrader2@rtxfintech.com","1","50","50","50","NONE","true","HOST: 0.0.0.0","CANCEL","megatrader2@rtxfintech.com","000000000022250XILO1","SELL","OFFER","CANCELLED","false","USD","000000000000001GILO1","50","10YS","NO","-30.625","30","-30.500","07/24/2023 16:28:26.895","NO","Electronic","0","","PRINCIPAL","UTC","LIMIT","07/24/2023 16:28:55.208","bps","RTXF","","07/26/2033","MILLION","07/26/2023","AMRS","ZERO","Manual","","USI","1Y","SOFR","1Y",""
"MBUS","MBUS","000000000029831JALO1","000000000023768JILO1","megatrader1@rtxfintech.com","1","150","150","150","NONE","false","HOST: 0.0.0.0","CREATE","megatrader1@rtxfintech.com","000000000022256XILO1","BUY","BID","EXPIRED","false","USD","000000000000001GILO1","150","3YS","NO","-17.125","20","-17.00","07/24/2023 16:53:16.844","NO","Electronic","0","","PRINCIPAL","UTC","LIMIT","07/24/2023 16:53:36.825","bps","RTXF","","07/26/2026","MILLION","07/26/2023","AMRS","ZERO","OTW","","USI","1Y","SOFR","1Y",""
"MBUS","MBUS","000000000029831JALO1","000000000023768JILO1","megatrader1@rtxfintech.com","1","150","150","150","NONE","false","HOST: 0.0.0.0","EXPIRATION","megatrader1@rtxfintech.com","000000000022256XILO1","BUY","BID","EXPIRED","false","USD","000000000000001GILO1","150","3YS","NO","-17.125","20","-17.00","07/24/2023 16:53:16.844","NO","Electronic","0","","PRINCIPAL","UTC","LIMIT","07/24/2023 16:53:36.825","bps","RTXF","","07/26/2026","MILLION","07/26/2023","AMRS","ZERO","OTW","","USI","1Y","SOFR","1Y",""
"Bank of Montreal","Bank of Montreal","000000000029797JALO1","000000000023749JILO1","geethan.rayan@bmo.com","1","150","150","150","NONE","false","HOST: 0.0.0.0","CREATE","geethan.rayan@bmo.com","000000000022239XILO1","BUY","BID","EXECUTED","false","USD","000000000000001GILO1","150","CRV2,3","YES","49.875","20","50.0","07/24/2023 13:34:01.708","NO","Electronic","0","","PRINCIPAL","UTC","LIMIT","07/24/2023 13:34:21.690","bps","RTXF","","07/26/2026","MILLION","07/26/2023","AMRS","ZERO","OTW","","USI","1Y","SOFR","1Y",""
"Bank of Montreal","MBUS","000000000029798JALO1","000000000023749JILO1","geethan.rayan@bmo.com","1","150","0","0","FULL","false","HOST: 0.0.0.0","MODIFY","megatrader2@rtxfintech.com","000000000022239XILO1","BUY","BUY","EXECUTED","false","USD","000000000000001GILO1","150","CRV2,3","YES","49.875","20","50.0","07/24/2023 13:34:04.154","NO","Electronic","0","","PRINCIPAL","UTC","LIMIT","07/24/2023 13:34:21.690","bps","RTXF","No","07/26/2026","MILLION","07/26/2023","AMRS","ZERO","OTW","","USI","1Y","SOFR","1Y","RTXFXIX230724006"
"MBUS","MBUS","000000000015637YALO1","000000000023749JILO1","megatrader2@rtxfintech.com","","150","150","150","FULL","false","HOST: 0.0.0.0","CREATE","megatrader2@rtxfintech.com","000000000022239XILO1","BUY","SELL","EXECUTED","false","USD","000000000000001GILO1","150","CRV2,3","YES","49.875","20","50.0","07/24/2023 13:34:04.154","NO","Electronic","150","","PRINCIPAL","UTC","LIMIT","07/24/2023 13:34:21.690","bps","RTXF","","07/26/2026","MILLION","07/26/2023","AMRS","ZERO","OTW","","USI","1Y","SOFR","1Y","RTXFXIX230724006"
"MBUS","MBUS","000000000029845JALO1","000000000023776JILO1","megatrader2@rtxfintech.com","1","50","50","50","NONE","false","HOST: 0.0.0.0","CREATE","megatrader2@rtxfintech.com","000000000022264XILO1","BUY","BID","EXPIRED","false","USD","000000000000001GILO1","50","10YS","NO","-30.625","-999","-30.500","07/24/2023 20:58:40.701","NO","Electronic","0","","PRINCIPAL","UTC","LIMIT","07/24/2023 18:30:00.000","bps","RTXF","","07/26/2033","MILLION","07/26/2023","AMRS","ZERO","OTW","","USI","1Y","SOFR","1Y",""
"MBUS","MBUS","000000000029845JALO1","000000000023776JILO1","megatrader2@rtxfintech.com","1","50","50","50","NONE","false","HOST: 0.0.0.0","EXPIRATION","megatrader2@rtxfintech.com","000000000022264XILO1","BUY","BID","EXPIRED","false","USD","000000000000001GILO1","50","10YS","NO","-30.625","-999","-30.500","07/24/2023 20:58:40.701","NO","Electronic","0","","PRINCIPAL","UTC","LIMIT","07/24/2023 18:30:00.000","bps","RTXF","","07/26/2033","MILLION","07/26/2023","AMRS","ZERO","OTW","","USI","1Y","SOFR","1Y",""
"AAA Bank","AAA Bank","000000000029876JALO1","000000000023793JILO1","aaatrader1@rtxfintech.com","1","50","50","50","NONE","false","HOST: 0.0.0.0","CREATE","aaatrader1@rtxfintech.com","000000000022281XILO1","SELL","OFFER","EXECUTED","false","USD","000000000000001GILO1","50","10YS","NO","-30.5","-999","-30.500","07/25/2023 16:12:09.149","NO","Electronic","0","","PRINCIPAL","UTC","LIMIT","07/25/2023 18:30:00.000","bps","RTXF","","07/27/2033","MILLION","07/27/2023","AMRS","ZERO","OTW","","USI","1Y","SOFR","1Y",""
"AAA Bank","MBUS","000000000029877JALO1","000000000023793JILO1","aaatrader1@rtxfintech.com","1","50","0","0","FULL","false","HOST: 0.0.0.0","MODIFY","megatrader1@rtxfintech.com","000000000022281XILO1","SELL","SELL","EXECUTED","false","USD","000000000000001GILO1","50","10YS","NO","-30.5","-999","-30.500","07/25/2023 16:12:30.925","NO","Electronic","0","","PRINCIPAL","UTC","LIMIT","07/25/2023 18:30:00.000","bps","RTXF","No","07/27/2033","MILLION","07/27/2023","AMRS","ZERO","OTW","","USI","1Y","SOFR","1Y","RTXFXIX230725011"
"MBUS","MBUS","000000000015663YALO1","000000000023793JILO1","megatrader1@rtxfintech.com","","50","50","50","FULL","false","HOST: 0.0.0.0","CREATE","megatrader1@rtxfintech.com","000000000022281XILO1","SELL","BUY","EXECUTED","false","USD","000000000000001GILO1","50","10YS","NO","-30.5","-999","-30.500","07/25/2023 16:12:30.925","NO","Electronic","50","","PRINCIPAL","UTC","LIMIT","07/25/2023 18:30:00.000","bps","RTXF","","07/27/2033","MILLION","07/27/2023","AMRS","ZERO","OTW","","USI","1Y","SOFR","1Y","RTXFXIX230725011"
"Royal Bank Of Canada","Royal Bank Of Canada","000000000029885JALO1","000000000023798JILO1","Andrew.Ansel@rbccm.cm","1","100","100","100","NONE","false","HOST: 0.0.0.0","CREATE","Andrew.Ansel@rbccm.cm","000000000022286XILO1","BUY","BID","EXECUTED","false","USD","000000000000001GILO1","100","5YS","NO","-26.125","20","-26.00","07/25/2023 18:47:20.357","NO","Electronic","0","","PRINCIPAL","UTC","LIMIT","07/25/2023 18:47:40.341","bps","RTXF","","07/27/2028","MILLION","07/27/2023","AMRS","ZERO","OTW","","USI","1Y","SOFR","1Y",""
"Royal Bank Of Canada","MBUS","000000000029886JALO1","000000000023798JILO1","Andrew.Ansel@rbccm.cm","1","100","0","0","FULL","false","HOST: 0.0.0.0","MODIFY","megatrader1@rtxfintech.com","000000000022286XILO1","BUY","BUY","EXECUTED","false","USD","000000000000001GILO1","100","5YS","NO","-26.125","20","-26.00","07/25/2023 18:47:25.105","NO","Electronic","0","","PRINCIPAL","UTC","LIMIT","07/25/2023 18:47:40.341","bps","RTXF","No","07/27/2028","MILLION","07/27/2023","AMRS","ZERO","OTW","","USI","1Y","SOFR","1Y","RTXFXIX230725015"
"MBUS","MBUS","000000000015667YALO1","000000000023798JILO1","megatrader1@rtxfintech.com","","100","100","100","FULL","false","HOST: 0.0.0.0","CREATE","megatrader1@rtxfintech.com","000000000022286XILO1","BUY","SELL","EXECUTED","false","USD","000000000000001GILO1","100","5YS","NO","-26.125","20","-26.00","07/25/2023 18:47:25.105","NO","Electronic","100","","PRINCIPAL","UTC","LIMIT","07/25/2023 18:47:40.341","bps","RTXF","","07/27/2028","MILLION","07/27/2023","AMRS","ZERO","OTW","","USI","1Y","SOFR","1Y","RTXFXIX230725015"
"AAA Bank","AAA Bank","000000000029870JALO1","000000000023790JILO1","aaatrader3@rtxfintech.com","1","200","200","200","NONE","false","HOST: 0.0.0.0","CREATE","aaatrader3@rtxfintech.com","000000000022278XILO1","SELL","OFFER","EXECUTED","false","USD","000000000000001GILO1","200","2YS","NO","0.25","-999","0.0","07/25/2023 16:08:11.625","NO","Electronic","0","","PRINCIPAL","UTC","LIMIT","07/25/2023 18:30:00.000","bps","RTXF","","07/27/2025","MILLION","07/27/2023","AMRS","ZERO","OTW","","USI","1Y","SOFR","1Y",""
"AAA Bank","MBUS","000000000029871JALO1","000000000023790JILO1","aaatrader3@rtxfintech.com","1","200","0","0","FULL","false","HOST: 0.0.0.0","MODIFY","megatrader1@rtxfintech.com","000000000022278XILO1","SELL","SELL","EXECUTED","false","USD","000000000000001GILO1","200","2YS","NO","0.25","-999","0.0","07/25/2023 16:08:30.461","NO","Electronic","0","","PRINCIPAL","UTC","LIMIT","07/25/2023 18:30:00.000","bps","RTXF","No","07/27/2025","MILLION","07/27/2023","AMRS","ZERO","OTW","","USI","1Y","SOFR","1Y","RTXFXIX230725009"
"MBUS","MBUS","000000000015661YALO1","000000000023790JILO1","megatrader1@rtxfintech.com","","200","200","200","FULL","false","HOST: 0.0.0.0","CREATE","megatrader1@rtxfintech.com","000000000022278XILO1","SELL","BUY","EXECUTED","false","USD","000000000000001GILO1","200","2YS","NO","0.25","-999","0.0","07/25/2023 16:08:30.461","NO","Electronic","200","","PRINCIPAL","UTC","LIMIT","07/25/2023 18:30:00.000","bps","RTXF","","07/27/2025","MILLION","07/27/2023","AMRS","ZERO","OTW","","USI","1Y","SOFR","1Y","RTXFXIX230725009"
"Bank of Montreal","Bank of Montreal","000000000029801JALO1","000000000023751JILO1","geethan.rayan@bmo.com","1","100","100","100","NONE","false","HOST: 0.0.0.0","CREATE","geethan.rayan@bmo.com","000000000022241XILO1","BUY","BID","EXECUTED","false","USD","000000000000001GILO1","100","5YS","NO","-26.125","30","-26.00","07/24/2023 16:11:42.114","NO","Electronic","0","","PRINCIPAL","UTC","LIMIT","07/24/2023 16:12:12.093","bps","RTXF","","07/26/2028","MILLION","07/26/2023","AMRS","ZERO","OTW","","USI","1Y","SOFR","1Y",""
"Bank of Montreal","MBUS","000000000029802JALO1","000000000023751JILO1","geethan.rayan@bmo.com","1","100","0","0","FULL","false","HOST: 0.0.0.0","MODIFY","megatrader1@rtxfintech.com","000000000022241XILO1","BUY","BUY","EXECUTED","false","USD","000000000000001GILO1","100","5YS","NO","-26.125","30","-26.00","07/24/2023 16:11:48.444","NO","Electronic","0","","PRINCIPAL","UTC","LIMIT","07/24/2023 16:12:12.093","bps","RTXF","No","07/26/2028","MILLION","07/26/2023","AMRS","ZERO","OTW","","USI","1Y","SOFR","1Y","RTXFXIX230724008"
"MBUS","MBUS","000000000015639YALO1","000000000023751JILO1","megatrader1@rtxfintech.com","","100","100","100","FULL","false","HOST: 0.0.0.0","CREATE","megatrader1@rtxfintech.com","000000000022241XILO1","BUY","SELL","EXECUTED","false","USD","000000000000001GILO1","100","5YS","NO","-26.125","30","-26.00","07/24/2023 16:11:48.444","NO","Electronic","100","","PRINCIPAL","UTC","LIMIT","07/24/2023 16:12:12.093","bps","RTXF","","07/26/2028","MILLION","07/26/2023","AMRS","ZERO","OTW","","USI","1Y","SOFR","1Y","RTXFXIX230724008"
"AAA Bank","AAA Bank","000000000029872JALO1","000000000023791JILO1","aaatrader1@rtxfintech.com","1","200","200","200","NONE","false","HOST: 0.0.0.0","CREATE","aaatrader1@rtxfintech.com","000000000022279XILO1","SELL","OFFER","CANCELLED","false","USD","000000000000001GILO1","200","2YS","NO","0","-999","0.0","07/25/2023 16:09:36.901","NO","Electronic","0","","PRINCIPAL","UTC","LIMIT","07/25/2023 18:30:00.000","bps","RTXF","","07/27/2025","MILLION","07/27/2023","AMRS","ZERO","Manual","","USI","1Y","SOFR","1Y",""
"AAA Bank","AAA Bank","000000000029873JALO1","000000000023791JILO1","aaatrader1@rtxfintech.com","1","200","200","200","NONE","true","HOST: 0.0.0.0","CANCEL","aaatrader1@rtxfintech.com","000000000022279XILO1","SELL","OFFER","CANCELLED","false","USD","000000000000001GILO1","200","2YS","NO","0","-999","0.0","07/25/2023 16:09:48.489","NO","Electronic","0","","PRINCIPAL","UTC","LIMIT","07/25/2023 18:30:00.000","bps","RTXF","","07/27/2025","MILLION","07/27/2023","AMRS","ZERO","Manual","","USI","1Y","SOFR","1Y",""
"AAA Bank","AAA Bank","000000000029785JALO1","000000000023744JILO1","aaatrader1@rtxfintech.com","1","100","100","100","NONE","false","HOST: 0.0.0.0","CREATE","aaatrader1@rtxfintech.com","000000000022234XILO1","SELL","OFFER","CANCELLED","false","USD","000000000000001GILO1","100","5YS","NO","-26.125","20","-26.00","07/24/2023 00:04:54.449","NO","Electronic","0","","PRINCIPAL","UTC","LIMIT","07/24/2023 00:05:14.429","bps","RTXF","","07/26/2028","MILLION","07/26/2023","AMRS","ZERO","Manual","","USI","1Y","SOFR","1Y",""
"AAA Bank","AAA Bank","000000000029787JALO1","000000000023744JILO1","aaatrader1@rtxfintech.com","1","100","100","100","NONE","true","HOST: 0.0.0.0","CANCEL","aaatrader1@rtxfintech.com","000000000022234XILO1","SELL","OFFER","CANCELLED","false","USD","000000000000001GILO1","100","5YS","NO","-26.125","20","-26.00","07/24/2023 00:05:00.702","NO","Electronic","0","","PRINCIPAL","UTC","LIMIT","07/24/2023 00:05:14.429","bps","RTXF","","07/26/2028","MILLION","07/26/2023","AMRS","ZERO","Manual","","USI","1Y","SOFR","1Y",""
"Societe Generale","Societe Generale","000000000029860JALO1","000000000023785JILO1","Olivier.daumasson@sgcib.com","1","75","75","75","NONE","false","HOST: 0.0.0.0","CREATE","Olivier.daumasson@sgcib.com","000000000022273XILO1","BUY","BID","EXECUTED","false","USD","000000000000001GILO1","75","CRVS5,7","YES","-7.125","20","-7.00","07/25/2023 14:20:17.434","NO","Electronic","0","","PRINCIPAL","UTC","LIMIT","07/25/2023 14:20:37.414","bps","RTXF","","07/27/2030","MILLION","07/27/2023","AMRS","ZERO","OTW","","USI","1Y","SOFR","1Y",""
"Societe Generale","AAA Bank","000000000029861JALO1","000000000023785JILO1","Olivier.daumasson@sgcib.com","1","75","0","0","FULL","false","HOST: 0.0.0.0","MODIFY","xin@rtxfintech.com","000000000022273XILO1","BUY","BUY","EXECUTED","false","USD","000000000000001GILO1","75","CRVS5,7","YES","-7.125","20","-7.00","07/25/2023 14:20:22.197","NO","Electronic","0","","PRINCIPAL","UTC","LIMIT","07/25/2023 14:20:37.414","bps","RTXF","No","07/27/2030","MILLION","07/27/2023","AMRS","ZERO","OTW","","USI","1Y","SOFR","1Y","RTXFXIX230725004"
"AAA Bank","AAA Bank","000000000015656YALO1","000000000023785JILO1","xin@rtxfintech.com","","75","75","75","FULL","false","HOST: 0.0.0.0","CREATE","xin@rtxfintech.com","000000000022273XILO1","BUY","SELL","EXECUTED","false","USD","000000000000001GILO1","75","CRVS5,7","YES","-7.125","20","-7.00","07/25/2023 14:20:22.197","NO","Electronic","75","","PRINCIPAL","UTC","LIMIT","07/25/2023 14:20:37.414","bps","RTXF","","07/27/2030","MILLION","07/27/2023","AMRS","ZERO","OTW","","USI","1Y","SOFR","1Y","RTXFXIX230725004"
"MBUS","MBUS","000000000029846JALO1","000000000023777JILO1","megatrader2@rtxfintech.com","1","200","200","200","NONE","false","HOST: 0.0.0.0","CREATE","megatrader2@rtxfintech.com","000000000022265XILO1","BUY","BID","EXPIRED","false","USD","000000000000001GILO1","200","2Y","YES","3.49875","230","3.5","07/24/2023 20:59:49.315","NO","Electronic","0","","PRINCIPAL","UTC","LIMIT","07/24/2023 21:03:39.285","Yield","RTXF","","07/26/2025","MILLION","07/26/2023","AMRS","ZERO","OTW","","USI","1Y","SOFR","1Y",""
"MBUS","MBUS","000000000029846JALO1","000000000023777JILO1","megatrader2@rtxfintech.com","1","200","200","200","NONE","false","HOST: 0.0.0.0","EXPIRATION","megatrader2@rtxfintech.com","000000000022265XILO1","BUY","BID","EXPIRED","false","USD","000000000000001GILO1","200","2Y","YES","3.49875","230","3.5","07/24/2023 20:59:49.315","NO","Electronic","0","","PRINCIPAL","UTC","LIMIT","07/24/2023 21:03:39.285","Yield","RTXF","","07/26/2025","MILLION","07/26/2023","AMRS","ZERO","OTW","","USI","1Y","SOFR","1Y",""
"MBUS","MBUS","000000000029815JALO1","000000000023759JILO1","megatrader1@rtxfintech.com","1","200","200","200","NONE","false","HOST: 0.0.0.0","CREATE","megatrader1@rtxfintech.com","000000000022248XILO1","BUY","BID","EXECUTED","false","USD","000000000000001GILO1","200","2CYS","NO","-0.125","20","0.0","07/24/2023 16:27:31.398","NO","Electronic","0","","PRINCIPAL","UTC","LIMIT","07/24/2023 16:27:51.364","bps","RTXF","","07/26/2025","MILLION","07/26/2023","AMRS","ZERO","OTW","","USI","1Y","SOFR","1Y",""
"MBUS","Bank of Montreal","000000000029816JALO1","000000000023759JILO1","megatrader1@rtxfintech.com","1","200","0","0","FULL","false","HOST: 0.0.0.0","MODIFY","geethan.rayan@bmo.com","000000000022248XILO1","BUY","BUY","EXECUTED","false","USD","000000000000001GILO1","200","2CYS","NO","-0.125","20","0.0","07/24/2023 16:27:33.477","NO","Electronic","0","","PRINCIPAL","UTC","LIMIT","07/24/2023 16:27:51.364","bps","RTXF","No","07/26/2025","MILLION","07/26/2023","AMRS","ZERO","OTW","","USI","1Y","SOFR","1Y","RTXFXIX230724014"
"Bank of Montreal","Bank of Montreal","000000000015645YALO1","000000000023759JILO1","geethan.rayan@bmo.com","","200","200","200","FULL","false","HOST: 0.0.0.0","CREATE","geethan.rayan@bmo.com","000000000022248XILO1","BUY","SELL","EXECUTED","false","USD","000000000000001GILO1","200","2CYS","NO","-0.125","20","0.0","07/24/2023 16:27:33.477","NO","Electronic","200","","PRINCIPAL","UTC","LIMIT","07/24/2023 16:27:51.364","bps","RTXF","","07/26/2025","MILLION","07/26/2023","AMRS","ZERO","OTW","","USI","1Y","SOFR","1Y","RTXFXIX230724014"
"AAA Bank","AAA Bank","000000000029874JALO1","000000000023792JILO1","aaatrader1@rtxfintech.com","1","200","200","200","NONE","false","HOST: 0.0.0.0","CREATE","aaatrader1@rtxfintech.com","000000000022280XILO1","SELL","OFFER","EXECUTED","false","USD","000000000000001GILO1","200","2YS","NO","0","-999","0.0","07/25/2023 16:10:27.996","NO","Electronic","0","","PRINCIPAL","UTC","LIMIT","07/25/2023 18:30:00.000","bps","RTXF","","07/27/2025","MILLION","07/27/2023","AMRS","ZERO","OTW","","USI","1Y","SOFR","1Y",""
"AAA Bank","MBUS","000000000029875JALO1","000000000023792JILO1","aaatrader1@rtxfintech.com","1","200","0","0","FULL","false","HOST: 0.0.0.0","MODIFY","megatrader1@rtxfintech.com","000000000022280XILO1","SELL","SELL","EXECUTED","false","USD","000000000000001GILO1","200","2YS","NO","0","-999","0.0","07/25/2023 16:10:35.818","NO","Electronic","0","","PRINCIPAL","UTC","LIMIT","07/25/2023 18:30:00.000","bps","RTXF","No","07/27/2025","MILLION","07/27/2023","AMRS","ZERO","OTW","","USI","1Y","SOFR","1Y","RTXFXIX230725010"
"MBUS","MBUS","000000000015662YALO1","000000000023792JILO1","megatrader1@rtxfintech.com","","200","200","200","FULL","false","HOST: 0.0.0.0","CREATE","megatrader1@rtxfintech.com","000000000022280XILO1","SELL","BUY","EXECUTED","false","USD","000000000000001GILO1","200","2YS","NO","0","-999","0.0","07/25/2023 16:10:35.818","NO","Electronic","200","","PRINCIPAL","UTC","LIMIT","07/25/2023 18:30:00.000","bps","RTXF","","07/27/2025","MILLION","07/27/2023","AMRS","ZERO","OTW","","USI","1Y","SOFR","1Y","RTXFXIX230725010"
"Societe Generale","Societe Generale","000000000029858JALO1","000000000023784JILO1","Olivier.daumasson@sgcib.com","1","150","150","150","NONE","false","HOST: 0.0.0.0","CREATE","Olivier.daumasson@sgcib.com","000000000022272XILO1","BUY","BID","EXECUTED","false","USD","000000000000001GILO1","150","CRV2,3","YES","50.125","20","50.0","07/25/2023 14:19:53.925","NO","Electronic","0","","PRINCIPAL","UTC","LIMIT","07/25/2023 14:20:13.902","bps","RTXF","","07/27/2026","MILLION","07/27/2023","AMRS","ZERO","OTW","","USI","1Y","SOFR","1Y",""
"Societe Generale","AAA Bank","000000000029859JALO1","000000000023784JILO1","Olivier.daumasson@sgcib.com","1","150","0","0","FULL","false","HOST: 0.0.0.0","MODIFY","xin@rtxfintech.com","000000000022272XILO1","BUY","BUY","EXECUTED","false","USD","000000000000001GILO1","150","CRV2,3","YES","50.125","20","50.0","07/25/2023 14:19:57.469","NO","Electronic","0","","PRINCIPAL","UTC","LIMIT","07/25/2023 14:20:13.902","bps","RTXF","No","07/27/2026","MILLION","07/27/2023","AMRS","ZERO","OTW","","USI","1Y","SOFR","1Y","RTXFXIX230725003"
"AAA Bank","AAA Bank","000000000015655YALO1","000000000023784JILO1","xin@rtxfintech.com","","150","150","150","FULL","false","HOST: 0.0.0.0","CREATE","xin@rtxfintech.com","000000000022272XILO1","BUY","SELL","EXECUTED","false","USD","000000000000001GILO1","150","CRV2,3","YES","50.125","20","50.0","07/25/2023 14:19:57.469","NO","Electronic","150","","PRINCIPAL","UTC","LIMIT","07/25/2023 14:20:13.902","bps","RTXF","","07/27/2026","MILLION","07/27/2023","AMRS","ZERO","OTW","","USI","1Y","SOFR","1Y","RTXFXIX230725003"
"MBUS","MBUS","000000000029803JALO1","000000000023752JILO1","megatrader1@rtxfintech.com","1","200","200","200","NONE","false","HOST: 0.0.0.0","CREATE","megatrader1@rtxfintech.com","000000000022242XILO1","BUY","BID","EXECUTED","false","USD","000000000000001GILO1","200","2Y","YES","3.49875","20","3.5","07/24/2023 16:18:00.998","NO","Electronic","0","","PRINCIPAL","UTC","LIMIT","07/24/2023 16:18:20.981","Yield","RTXF","","07/26/2025","MILLION","07/26/2023","AMRS","ZERO","OTW","","USI","1Y","SOFR","1Y",""
"MBUS","Bank of Montreal","000000000029804JALO1","000000000023752JILO1","megatrader1@rtxfintech.com","1","200","0","0","FULL","false","HOST: 0.0.0.0","MODIFY","geethan.rayan@bmo.com","000000000022242XILO1","BUY","BUY","EXECUTED","false","USD","000000000000001GILO1","200","2Y","YES","3.49875","20","3.5","07/24/2023 16:18:07.308","NO","Electronic","0","","PRINCIPAL","UTC","LIMIT","07/24/2023 16:18:20.981","Yield","RTXF","No","07/26/2025","MILLION","07/26/2023","AMRS","ZERO","OTW","","USI","1Y","SOFR","1Y","RTXFXIX230724009"
"Bank of Montreal","Bank of Montreal","000000000015640YALO1","000000000023752JILO1","geethan.rayan@bmo.com","","200","200","200","FULL","false","HOST: 0.0.0.0","CREATE","geethan.rayan@bmo.com","000000000022242XILO1","BUY","SELL","EXECUTED","false","USD","000000000000001GILO1","200","2Y","YES","3.49875","20","3.5","07/24/2023 16:18:07.308","NO","Electronic","200","","PRINCIPAL","UTC","LIMIT","07/24/2023 16:18:20.981","Yield","RTXF","","07/26/2025","MILLION","07/26/2023","AMRS","ZERO","OTW","","USI","1Y","SOFR","1Y","RTXFXIX230724009"
"Royal Bank Of Canada","Royal Bank Of Canada","000000000029887JALO1","000000000023799JILO1","Andrew.Ansel@rbccm.cm","1","100","100","100","NONE","false","HOST: 0.0.0.0","CREATE","Andrew.Ansel@rbccm.cm","000000000022287XILO1","BUY","BID","EXECUTED","false","USD","000000000000001GILO1","100","5YS","NO","-26.125","20","-26.00","07/25/2023 18:48:37.827","NO","Electronic","0","","PRINCIPAL","UTC","LIMIT","07/25/2023 18:48:57.807","bps","RTXF","","07/27/2028","MILLION","07/27/2023","AMRS","ZERO","OTW","","USI","1Y","SOFR","1Y",""
"Royal Bank Of Canada","MBUS","000000000029888JALO1","000000000023799JILO1","Andrew.Ansel@rbccm.cm","1","100","0","0","FULL","false","HOST: 0.0.0.0","MODIFY","megatrader1@rtxfintech.com","000000000022287XILO1","BUY","BUY","EXECUTED","false","USD","000000000000001GILO1","100","5YS","NO","-26.125","20","-26.00","07/25/2023 18:48:43.248","NO","Electronic","0","","PRINCIPAL","UTC","LIMIT","07/25/2023 18:48:57.807","bps","RTXF","No","07/27/2028","MILLION","07/27/2023","AMRS","ZERO","OTW","","USI","1Y","SOFR","1Y","RTXFXIX230725016"
"MBUS","MBUS","000000000015668YALO1","000000000023799JILO1","megatrader1@rtxfintech.com","","100","100","100","FULL","false","HOST: 0.0.0.0","CREATE","megatrader1@rtxfintech.com","000000000022287XILO1","BUY","SELL","EXECUTED","false","USD","000000000000001GILO1","100","5YS","NO","-26.125","20","-26.00","07/25/2023 18:48:43.248","NO","Electronic","100","","PRINCIPAL","UTC","LIMIT","07/25/2023 18:48:57.807","bps","RTXF","","07/27/2028","MILLION","07/27/2023","AMRS","ZERO","OTW","","USI","1Y","SOFR","1Y","RTXFXIX230725016"
"Royal Bank Of Canada","Royal Bank Of Canada","000000000029889JALO1","000000000023800JILO1","Andrew.Ansel@rbccm.cm","1","50","50","50","NONE","false","HOST: 0.0.0.0","CREATE","Andrew.Ansel@rbccm.cm","000000000022288XILO1","BUY","BID","EXECUTED","false","USD","000000000000001GILO1","50","10YS","NO","-30.625","20","-30.500","07/25/2023 18:50:58.180","NO","Electronic","0","","PRINCIPAL","UTC","LIMIT","07/25/2023 18:51:18.159","bps","RTXF","","07/27/2033","MILLION","07/27/2023","AMRS","ZERO","OTW","","USI","1Y","SOFR","1Y",""
"Royal Bank Of Canada","MBUS","000000000029890JALO1","000000000023800JILO1","Andrew.Ansel@rbccm.cm","1","50","0","0","FULL","false","HOST: 0.0.0.0","MODIFY","megatrader1@rtxfintech.com","000000000022288XILO1","BUY","BUY","EXECUTED","false","USD","000000000000001GILO1","50","10YS","NO","-30.625","20","-30.500","07/25/2023 18:51:01.446","NO","Electronic","0","","PRINCIPAL","UTC","LIMIT","07/25/2023 18:51:18.159","bps","RTXF","No","07/27/2033","MILLION","07/27/2023","AMRS","ZERO","OTW","","USI","1Y","SOFR","1Y","RTXFXIX230725017"
"MBUS","MBUS","000000000015669YALO1","000000000023800JILO1","megatrader1@rtxfintech.com","","50","50","50","FULL","false","HOST: 0.0.0.0","CREATE","megatrader1@rtxfintech.com","000000000022288XILO1","BUY","SELL","EXECUTED","false","USD","000000000000001GILO1","50","10YS","NO","-30.625","20","-30.500","07/25/2023 18:51:01.446","NO","Electronic","50","","PRINCIPAL","UTC","LIMIT","07/25/2023 18:51:18.159","bps","RTXF","","07/27/2033","MILLION","07/27/2023","AMRS","ZERO","OTW","","USI","1Y","SOFR","1Y","RTXFXIX230725017"
"Royal Bank Of Canada","Royal Bank Of Canada","000000000029883JALO1","000000000023797JILO1","Andrew.Ansel@rbccm.cm","1","100","100","100","NONE","false","HOST: 0.0.0.0","CREATE","Andrew.Ansel@rbccm.cm","000000000022285XILO1","BUY","BID","EXECUTED","false","USD","000000000000001GILO1","100","5YS","NO","-26.125","20","-26.00","07/25/2023 18:45:33.903","NO","Electronic","0","","PRINCIPAL","UTC","LIMIT","07/25/2023 18:45:53.873","bps","RTXF","","07/27/2028","MILLION","07/27/2023","AMRS","ZERO","OTW","","USI","1Y","SOFR","1Y",""
"Royal Bank Of Canada","MBUS","000000000029884JALO1","000000000023797JILO1","Andrew.Ansel@rbccm.cm","1","100","0","0","FULL","false","HOST: 0.0.0.0","MODIFY","megatrader1@rtxfintech.com","000000000022285XILO1","BUY","BUY","EXECUTED","false","USD","000000000000001GILO1","100","5YS","NO","-26.125","20","-26.00","07/25/2023 18:45:45.972","NO","Electronic","0","","PRINCIPAL","UTC","LIMIT","07/25/2023 18:45:53.873","bps","RTXF","No","07/27/2028","MILLION","07/27/2023","AMRS","ZERO","OTW","","USI","1Y","SOFR","1Y","RTXFXIX230725014"
"MBUS","MBUS","000000000015666YALO1","000000000023797JILO1","megatrader1@rtxfintech.com","","100","100","100","FULL","false","HOST: 0.0.0.0","CREATE","megatrader1@rtxfintech.com","000000000022285XILO1","BUY","SELL","EXECUTED","false","USD","000000000000001GILO1","100","5YS","NO","-26.125","20","-26.00","07/25/2023 18:45:45.972","NO","Electronic","100","","PRINCIPAL","UTC","LIMIT","07/25/2023 18:45:53.873","bps","RTXF","","07/27/2028","MILLION","07/27/2023","AMRS","ZERO","OTW","","USI","1Y","SOFR","1Y","RTXFXIX230725014"
"Societe Generale","Societe Generale","000000000029856JALO1","000000000023783JILO1","Olivier.daumasson@sgcib.com","1","50","50","50","NONE","false","HOST: 0.0.0.0","CREATE","Olivier.daumasson@sgcib.com","000000000022271XILO1","SELL","OFFER","EXECUTED","false","USD","000000000000001GILO1","50","10Y","YES","3.48875","20","3.49","07/25/2023 14:19:43.417","NO","Electronic","0","","PRINCIPAL","UTC","LIMIT","07/25/2023 14:20:03.402","Yield","RTXF","","07/27/2033","MILLION","07/27/2023","AMRS","ZERO","OTW","","USI","1Y","SOFR","1Y",""
"Societe Generale","AAA Bank","000000000029857JALO1","000000000023783JILO1","Olivier.daumasson@sgcib.com","1","50","0","0","FULL","false","HOST: 0.0.0.0","MODIFY","xin@rtxfintech.com","000000000022271XILO1","SELL","SELL","EXECUTED","false","USD","000000000000001GILO1","50","10Y","YES","3.48875","20","3.49","07/25/2023 14:19:46.226","NO","Electronic","0","","PRINCIPAL","UTC","LIMIT","07/25/2023 14:20:03.402","Yield","RTXF","No","07/27/2033","MILLION","07/27/2023","AMRS","ZERO","OTW","","USI","1Y","SOFR","1Y","RTXFXIX230725002"
"AAA Bank","AAA Bank","000000000015654YALO1","000000000023783JILO1","xin@rtxfintech.com","","50","50","50","FULL","false","HOST: 0.0.0.0","CREATE","xin@rtxfintech.com","000000000022271XILO1","SELL","BUY","EXECUTED","false","USD","000000000000001GILO1","50","10Y","YES","3.48875","20","3.49","07/25/2023 14:19:46.226","NO","Electronic","50","","PRINCIPAL","UTC","LIMIT","07/25/2023 14:20:03.402","Yield","RTXF","","07/27/2033","MILLION","07/27/2023","AMRS","ZERO","OTW","","USI","1Y","SOFR","1Y","RTXFXIX230725002"
"AAA Bank","AAA Bank","000000000029868JALO1","000000000023789JILO1","aaatrader3@rtxfintech.com","1","200","200","200","NONE","false","HOST: 0.0.0.0","CREATE","aaatrader3@rtxfintech.com","000000000022277XILO1","SELL","OFFER","EXECUTED","false","USD","000000000000001GILO1","200","2YS","NO","0.25","-999","0.0","07/25/2023 16:01:11.863","NO","Electronic","0","","PRINCIPAL","UTC","LIMIT","07/25/2023 18:30:00.000","bps","RTXF","","07/27/2025","MILLION","07/27/2023","AMRS","ZERO","OTW","","USI","1Y","SOFR","1Y",""
"AAA Bank","MBUS","000000000029869JALO1","000000000023789JILO1","aaatrader3@rtxfintech.com","1","200","0","0","FULL","false","HOST: 0.0.0.0","MODIFY","megatrader1@rtxfintech.com","000000000022277XILO1","SELL","SELL","EXECUTED","false","USD","000000000000001GILO1","200","2YS","NO","0.25","-999","0.0","07/25/2023 16:02:31.357","NO","Electronic","0","","PRINCIPAL","UTC","LIMIT","07/25/2023 18:30:00.000","bps","RTXF","No","07/27/2025","MILLION","07/27/2023","AMRS","ZERO","OTW","","USI","1Y","SOFR","1Y","RTXFXIX230725008"
"MBUS","MBUS","000000000015660YALO1","000000000023789JILO1","megatrader1@rtxfintech.com","","200","200","200","FULL","false","HOST: 0.0.0.0","CREATE","megatrader1@rtxfintech.com","000000000022277XILO1","SELL","BUY","EXECUTED","false","USD","000000000000001GILO1","200","2YS","NO","0.25","-999","0.0","07/25/2023 16:02:31.357","NO","Electronic","200","","PRINCIPAL","UTC","LIMIT","07/25/2023 18:30:00.000","bps","RTXF","","07/27/2025","MILLION","07/27/2023","AMRS","ZERO","OTW","","USI","1Y","SOFR","1Y","RTXFXIX230725008"
"Royal Bank Of Canada","Royal Bank Of Canada","000000000029837JALO1","000000000023772JILO1","Andrew.Ansel@rbccm.cm","1","50","50","50","NONE","false","HOST: 0.0.0.0","CREATE","Andrew.Ansel@rbccm.cm","000000000022260XILO1","BUY","BID","EXECUTED","false","USD","000000000000001GILO1","50","10Y","YES","3.48875","20","3.49","07/24/2023 16:57:45.935","NO","Electronic","0","","PRINCIPAL","UTC","LIMIT","07/24/2023 16:58:05.918","Yield","RTXF","","07/26/2033","MILLION","07/26/2023","AMRS","ZERO","OTW","","USI","1Y","SOFR","1Y",""
"Royal Bank Of Canada","AAA Bank","000000000029838JALO1","000000000023772JILO1","Andrew.Ansel@rbccm.cm","1","50","0","0","FULL","false","HOST: 0.0.0.0","MODIFY","xin@rtxfintech.com","000000000022260XILO1","BUY","BUY","EXECUTED","false","USD","000000000000001GILO1","50","10Y","YES","3.48875","20","3.49","07/24/2023 16:57:59.078","NO","Electronic","0","","PRINCIPAL","UTC","LIMIT","07/24/2023 16:58:05.918","Yield","RTXF","No","07/26/2033","MILLION","07/26/2023","AMRS","ZERO","OTW","","USI","1Y","SOFR","1Y","RTXFXIX230724020"
"AAA Bank","AAA Bank","000000000015651YALO1","000000000023772JILO1","xin@rtxfintech.com","","50","50","50","FULL","false","HOST: 0.0.0.0","CREATE","xin@rtxfintech.com","000000000022260XILO1","BUY","SELL","EXECUTED","false","USD","000000000000001GILO1","50","10Y","YES","3.48875","20","3.49","07/24/2023 16:57:59.078","NO","Electronic","50","","PRINCIPAL","UTC","LIMIT","07/24/2023 16:58:05.918","Yield","RTXF","","07/26/2033","MILLION","07/26/2023","AMRS","ZERO","OTW","","USI","1Y","SOFR","1Y","RTXFXIX230724020"
"MBUS","MBUS","000000000029834JALO1","000000000023770JILO1","megatrader1@rtxfintech.com","1","150","150","150","NONE","false","HOST: 0.0.0.0","CREATE","megatrader1@rtxfintech.com","000000000022258XILO1","BUY","BID","EXECUTED","false","USD","000000000000001GILO1","150","3YS","NO","-17.125","20","-17.00","07/24/2023 16:54:59.613","NO","Electronic","0","","PRINCIPAL","UTC","LIMIT","07/24/2023 16:55:19.588","bps","RTXF","","07/26/2026","MILLION","07/26/2023","AMRS","ZERO","OTW","","USI","1Y","SOFR","1Y",""
"MBUS","Royal Bank Of Canada","000000000029835JALO1","000000000023770JILO1","megatrader1@rtxfintech.com","1","150","0","0","FULL","false","HOST: 0.0.0.0","MODIFY","Andrew.Ansel@rbccm.cm","000000000022258XILO1","BUY","BUY","EXECUTED","false","USD","000000000000001GILO1","150","3YS","NO","-17.125","20","-17.00","07/24/2023 16:55:05.048","NO","Electronic","0","","PRINCIPAL","UTC","LIMIT","07/24/2023 16:55:19.588","bps","RTXF","No","07/26/2026","MILLION","07/26/2023","AMRS","ZERO","OTW","","USI","1Y","SOFR","1Y","RTXFXIX230724019"
"Royal Bank Of Canada","Royal Bank Of Canada","000000000015650YALO1","000000000023770JILO1","Andrew.Ansel@rbccm.cm","","150","150","150","FULL","false","HOST: 0.0.0.0","CREATE","Andrew.Ansel@rbccm.cm","000000000022258XILO1","BUY","SELL","EXECUTED","false","USD","000000000000001GILO1","150","3YS","NO","-17.125","20","-17.00","07/24/2023 16:55:05.048","NO","Electronic","150","","PRINCIPAL","UTC","LIMIT","07/24/2023 16:55:19.588","bps","RTXF","","07/26/2026","MILLION","07/26/2023","AMRS","ZERO","OTW","","USI","1Y","SOFR","1Y","RTXFXIX230724019"
"Royal Bank Of Canada","Royal Bank Of Canada","000000000029829JALO1","000000000023767JILO1","Andrew.Ansel@rbccm.cm","1","100","100","100","NONE","false","HOST: 0.0.0.0","CREATE","Andrew.Ansel@rbccm.cm","000000000022255XILO1","BUY","BID","EXECUTED","false","USD","000000000000001GILO1","100","5YS","NO","-26.125","20","-26.00","07/24/2023 16:52:37.115","NO","Electronic","0","","PRINCIPAL","UTC","LIMIT","07/24/2023 16:52:57.097","bps","RTXF","","07/26/2028","MILLION","07/26/2023","AMRS","ZERO","OTW","","USI","1Y","SOFR","1Y",""
"Royal Bank Of Canada","Giga Bank","000000000029830JALO1","000000000023767JILO1","Andrew.Ansel@rbccm.cm","1","100","0","0","FULL","false","HOST: 0.0.0.0","MODIFY","gigatrader1@rtxfintech.com","000000000022255XILO1","BUY","BUY","EXECUTED","false","USD","000000000000001GILO1","100","5YS","NO","-26.125","20","-26.00","07/24/2023 16:52:43.167","NO","Electronic","0","","PRINCIPAL","UTC","LIMIT","07/24/2023 16:52:57.097","bps","RTXF","No","07/26/2028","MILLION","07/26/2023","AMRS","ZERO","OTW","","USI","1Y","SOFR","1Y","RTXFXIX230724018"
"Giga Bank","Giga Bank","000000000015649YALO1","000000000023767JILO1","gigatrader1@rtxfintech.com","","100","100","100","FULL","false","HOST: 0.0.0.0","CREATE","gigatrader1@rtxfintech.com","000000000022255XILO1","BUY","SELL","EXECUTED","false","USD","000000000000001GILO1","100","5YS","NO","-26.125","20","-26.00","07/24/2023 16:52:43.167","NO","Electronic","100","","PRINCIPAL","UTC","LIMIT","07/24/2023 16:52:57.097","bps","RTXF","","07/26/2028","MILLION","07/26/2023","AMRS","ZERO","OTW","","USI","1Y","SOFR","1Y","RTXFXIX230724018"
"MBUS","MBUS","000000000029823JALO1","000000000023763JILO1","megatrader2@rtxfintech.com","1","100","100","100","NONE","false","HOST: 0.0.0.0","CREATE","megatrader2@rtxfintech.com","000000000022252XILO1","BUY","BID","EXPIRED","false","USD","000000000000001GILO1","100","5YS","NO","-26.125","30","-26.00","07/24/2023 16:28:49.908","NO","Electronic","0","","PRINCIPAL","UTC","LIMIT","07/24/2023 16:29:19.880","bps","RTXF","","07/26/2028","MILLION","07/26/2023","AMRS","ZERO","OTW","","USI","1Y","SOFR","1Y",""
"MBUS","MBUS","000000000029824JALO1","000000000023764JILO1","megatrader2@rtxfintech.com","2","100","100","100","NONE","false","HOST: 0.0.0.0","CREATE","megatrader2@rtxfintech.com","000000000022252XILO1","BUY","BID","EXPIRED","false","USD","000000000000001GILO1","100","5YS","NO","-26.125","30","-26.00","07/24/2023 16:28:54.610","NO","Electronic","0","","PRINCIPAL","UTC","LIMIT","07/24/2023 16:29:19.880","bps","RTXF","","07/26/2028","MILLION","07/26/2023","AMRS","ZERO","OTW","","USI","1Y","SOFR","1Y",""
"MBUS","MBUS","000000000029823JALO1","000000000023763JILO1","megatrader2@rtxfintech.com","1","100","100","100","NONE","false","HOST: 0.0.0.0","EXPIRATION","megatrader2@rtxfintech.com","000000000022252XILO1","BUY","BID","EXPIRED","false","USD","000000000000001GILO1","100","5YS","NO","-26.125","30","-26.00","07/24/2023 16:28:49.908","NO","Electronic","0","","PRINCIPAL","UTC","LIMIT","07/24/2023 16:29:19.880","bps","RTXF","","07/26/2028","MILLION","07/26/2023","AMRS","ZERO","OTW","","USI","1Y","SOFR","1Y",""
"MBUS","MBUS","000000000029824JALO1","000000000023764JILO1","megatrader2@rtxfintech.com","2","100","100","100","NONE","false","HOST: 0.0.0.0","EXPIRATION","megatrader2@rtxfintech.com","000000000022252XILO1","BUY","BID","EXPIRED","false","USD","000000000000001GILO1","100","5YS","NO","-26.125","30","-26.00","07/24/2023 16:28:54.610","NO","Electronic","0","","PRINCIPAL","UTC","LIMIT","07/24/2023 16:29:19.880","bps","RTXF","","07/26/2028","MILLION","07/26/2023","AMRS","ZERO","OTW","","USI","1Y","SOFR","1Y",""
"MBUS","MBUS","000000000029813JALO1","000000000023758JILO1","megatrader1@rtxfintech.com","1","200","200","200","NONE","false","HOST: 0.0.0.0","CREATE","megatrader1@rtxfintech.com","000000000022247XILO1","BUY","BID","EXECUTED","false","USD","000000000000001GILO1","200","2CY","YES","3.49875","20","3.5","07/24/2023 16:27:20.277","NO","Electronic","0","","PRINCIPAL","UTC","LIMIT","07/24/2023 16:27:40.246","bps","RTXF","","07/26/2025","MILLION","07/26/2023","AMRS","ZERO","OTW","","USI","1Y","SOFR","1Y",""
"MBUS","Bank of Montreal","000000000029814JALO1","000000000023758JILO1","megatrader1@rtxfintech.com","1","200","0","0","FULL","false","HOST: 0.0.0.0","MODIFY","geethan.rayan@bmo.com","000000000022247XILO1","BUY","BUY","EXECUTED","false","USD","000000000000001GILO1","200","2CY","YES","3.49875","20","3.5","07/24/2023 16:27:23.203","NO","Electronic","0","","PRINCIPAL","UTC","LIMIT","07/24/2023 16:27:40.246","bps","RTXF","No","07/26/2025","MILLION","07/26/2023","AMRS","ZERO","OTW","","USI","1Y","SOFR","1Y","RTXFXIX230724013"
"Bank of Montreal","Bank of Montreal","000000000015644YALO1","000000000023758JILO1","geethan.rayan@bmo.com","","200","200","200","FULL","false","HOST: 0.0.0.0","CREATE","geethan.rayan@bmo.com","000000000022247XILO1","BUY","SELL","EXECUTED","false","USD","000000000000001GILO1","200","2CY","YES","3.49875","20","3.5","07/24/2023 16:27:23.203","NO","Electronic","200","","PRINCIPAL","UTC","LIMIT","07/24/2023 16:27:40.246","bps","RTXF","","07/26/2025","MILLION","07/26/2023","AMRS","ZERO","OTW","","USI","1Y","SOFR","1Y","RTXFXIX230724013"
"MBUS","MBUS","000000000029807JALO1","000000000023755JILO1","megatrader1@rtxfintech.com","1","100","100","100","NONE","false","HOST: 0.0.0.0","CREATE","megatrader1@rtxfintech.com","000000000022244XILO1","BUY","BID","EXECUTED","false","USD","000000000000001GILO1","100","FLY2,5,10","YES","32.95","20","33.00","07/24/2023 16:21:14.975","NO","Electronic","0","","PRINCIPAL","UTC","LIMIT","07/24/2023 16:21:34.959","bps","RTXF","","07/26/2028","MILLION","07/26/2023","AMRS","ZERO","OTW","","USI","1Y","SOFR","1Y",""
"MBUS","Bank of Montreal","000000000029808JALO1","000000000023755JILO1","megatrader1@rtxfintech.com","1","100","0","0","FULL","false","HOST: 0.0.0.0","MODIFY","geethan.rayan@bmo.com","000000000022244XILO1","BUY","BUY","EXECUTED","false","USD","000000000000001GILO1","100","FLY2,5,10","YES","32.95","20","33.00","07/24/2023 16:21:23.172","NO","Electronic","0","","PRINCIPAL","UTC","LIMIT","07/24/2023 16:21:34.959","bps","RTXF","No","07/26/2028","MILLION","07/26/2023","AMRS","ZERO","OTW","","USI","1Y","SOFR","1Y","RTXFXIX230724010"
"Bank of Montreal","Bank of Montreal","000000000015641YALO1","000000000023755JILO1","geethan.rayan@bmo.com","","100","100","100","FULL","false","HOST: 0.0.0.0","CREATE","geethan.rayan@bmo.com","000000000022244XILO1","BUY","SELL","EXECUTED","false","USD","000000000000001GILO1","100","FLY2,5,10","YES","32.95","20","33.00","07/24/2023 16:21:23.172","NO","Electronic","100","","PRINCIPAL","UTC","LIMIT","07/24/2023 16:21:34.959","bps","RTXF","","07/26/2028","MILLION","07/26/2023","AMRS","ZERO","OTW","","USI","1Y","SOFR","1Y","RTXFXIX230724010"
"AAA Bank","AAA Bank","000000000029843JALO1","000000000023775JILO1","aaatrader1@rtxfintech.com","1","50","50","50","NONE","false","HOST: 0.0.0.0","CREATE","aaatrader1@rtxfintech.com","000000000022263XILO1","BUY","BID","CANCELLED","false","USD","000000000000001GILO1","50","10YS","NO","-30","20","-30.500","07/24/2023 20:46:54.686","NO","Electronic","0","","PRINCIPAL","UTC","LIMIT","07/24/2023 20:47:14.667","bps","RTXF","","07/26/2033","MILLION","07/26/2023","AMRS","ZERO","Manual","","USI","1Y","SOFR","1Y",""
"AAA Bank","AAA Bank","000000000029844JALO1","000000000023775JILO1","aaatrader1@rtxfintech.com","1","50","50","50","NONE","true","HOST: 0.0.0.0","CANCEL","aaatrader1@rtxfintech.com","000000000022263XILO1","BUY","BID","CANCELLED","false","USD","000000000000001GILO1","50","10YS","NO","-30","20","-30.500","07/24/2023 20:47:01.443","NO","Electronic","0","","PRINCIPAL","UTC","LIMIT","07/24/2023 20:47:14.667","bps","RTXF","","07/26/2033","MILLION","07/26/2023","AMRS","ZERO","Manual","","USI","1Y","SOFR","1Y",""
"AAA Bank","AAA Bank","000000000029852JALO1","000000000023781JILO1","aaatrader1@rtxfintech.com","1","50","50","50","NONE","false","HOST: 0.0.0.0","CREATE","aaatrader1@rtxfintech.com","000000000022269XILO1","SELL","OFFER","CANCELLED","false","USD","000000000000001GILO1","50","10YS","NO","-30.375","20","-30.500","07/25/2023 00:27:42.411","NO","Electronic","0","","PRINCIPAL","UTC","LIMIT","07/25/2023 00:28:02.394","bps","RTXF","","07/27/2033","MILLION","07/27/2023","AMRS","ZERO","Manual","","USI","1Y","SOFR","1Y",""
"AAA Bank","AAA Bank","000000000029853JALO1","000000000023781JILO1","aaatrader1@rtxfintech.com","1","50","50","50","NONE","true","HOST: 0.0.0.0","CANCEL","aaatrader1@rtxfintech.com","000000000022269XILO1","SELL","OFFER","CANCELLED","false","USD","000000000000001GILO1","50","10YS","NO","-30.375","20","-30.500","07/25/2023 00:27:44.679","NO","Electronic","0","","PRINCIPAL","UTC","LIMIT","07/25/2023 00:28:02.394","bps","RTXF","","07/27/2033","MILLION","07/27/2023","AMRS","ZERO","Manual","","USI","1Y","SOFR","1Y",""
"Royal Bank Of Canada","Royal Bank Of Canada","000000000029878JALO1","000000000023794JILO1","Andrew.Ansel@rbccm.cm","1","100","100","100","NONE","false","HOST: 0.0.0.0","CREATE","Andrew.Ansel@rbccm.cm","000000000022282XILO1","BUY","BID","EXECUTED","false","USD","000000000000001GILO1","100","5YS","NO","-26.125","20","-26.00","07/25/2023 18:36:35.251","NO","Electronic","0","","PRINCIPAL","UTC","LIMIT","07/25/2023 18:36:55.233","bps","RTXF","","07/27/2028","MILLION","07/27/2023","AMRS","ZERO","OTW","","USI","1Y","SOFR","1Y",""
"Royal Bank Of Canada","MBUS","000000000029879JALO1","000000000023794JILO1","Andrew.Ansel@rbccm.cm","1","100","0","0","FULL","false","HOST: 0.0.0.0","MODIFY","megatrader1@rtxfintech.com","000000000022282XILO1","BUY","BUY","EXECUTED","false","USD","000000000000001GILO1","100","5YS","NO","-26.125","20","-26.00","07/25/2023 18:36:42.368","NO","Electronic","0","","PRINCIPAL","UTC","LIMIT","07/25/2023 18:36:55.233","bps","RTXF","No","07/27/2028","MILLION","07/27/2023","AMRS","ZERO","OTW","","USI","1Y","SOFR","1Y","RTXFXIX230725012"
"MBUS","MBUS","000000000015664YALO1","000000000023794JILO1","megatrader1@rtxfintech.com","","100","100","100","FULL","false","HOST: 0.0.0.0","CREATE","megatrader1@rtxfintech.com","000000000022282XILO1","BUY","SELL","EXECUTED","false","USD","000000000000001GILO1","100","5YS","NO","-26.125","20","-26.00","07/25/2023 18:36:42.368","NO","Electronic","100","","PRINCIPAL","UTC","LIMIT","07/25/2023 18:36:55.233","bps","RTXF","","07/27/2028","MILLION","07/27/2023","AMRS","ZERO","OTW","","USI","1Y","SOFR","1Y","RTXFXIX230725012"
"Societe Generale","Societe Generale","000000000029862JALO1","000000000023786JILO1","Olivier.daumasson@sgcib.com","1","150","150","150","NONE","false","HOST: 0.0.0.0","CREATE","Olivier.daumasson@sgcib.com","000000000022274XILO1","BUY","BID","EXECUTED","false","USD","000000000000001GILO1","150","FLY2,3,4","YES","70.95","20","71.00","07/25/2023 14:20:26.373","NO","Electronic","0","","PRINCIPAL","UTC","LIMIT","07/25/2023 14:20:46.335","bps","RTXF","","07/27/2026","MILLION","07/27/2023","AMRS","ZERO","OTW","","USI","1Y","SOFR","1Y",""
"Societe Generale","AAA Bank","000000000029863JALO1","000000000023786JILO1","Olivier.daumasson@sgcib.com","1","150","0","0","FULL","false","HOST: 0.0.0.0","MODIFY","xin@rtxfintech.com","000000000022274XILO1","BUY","BUY","EXECUTED","false","USD","000000000000001GILO1","150","FLY2,3,4","YES","70.95","20","71.00","07/25/2023 14:20:29.421","NO","Electronic","0","","PRINCIPAL","UTC","LIMIT","07/25/2023 14:20:46.335","bps","RTXF","No","07/27/2026","MILLION","07/27/2023","AMRS","ZERO","OTW","","USI","1Y","SOFR","1Y","RTXFXIX230725005"
"AAA Bank","AAA Bank","000000000015657YALO1","000000000023786JILO1","xin@rtxfintech.com","","150","150","150","FULL","false","HOST: 0.0.0.0","CREATE","xin@rtxfintech.com","000000000022274XILO1","BUY","SELL","EXECUTED","false","USD","000000000000001GILO1","150","FLY2,3,4","YES","70.95","20","71.00","07/25/2023 14:20:29.421","NO","Electronic","150","","PRINCIPAL","UTC","LIMIT","07/25/2023 14:20:46.335","bps","RTXF","","07/27/2026","MILLION","07/27/2023","AMRS","ZERO","OTW","","USI","1Y","SOFR","1Y","RTXFXIX230725005"
"AAA Bank","AAA Bank","000000000029847JALO1","000000000023778JILO1","aaatrader1@rtxfintech.com","1","50","50","50","NONE","false","HOST: 0.0.0.0","CREATE","aaatrader1@rtxfintech.com","000000000022266XILO1","BUY","BID","EXPIRED","false","USD","000000000000001GILO1","50","10YS","NO","-30.625","20","-30.500","07/25/2023 00:13:49.701","NO","Electronic","0","","PRINCIPAL","UTC","LIMIT","07/25/2023 00:14:09.685","bps","RTXF","","07/27/2033","MILLION","07/27/2023","AMRS","ZERO","OTW","","USI","1Y","SOFR","1Y",""
"AAA Bank","AAA Bank","000000000029847JALO1","000000000023778JILO1","aaatrader1@rtxfintech.com","1","50","50","50","NONE","false","HOST: 0.0.0.0","EXPIRATION","aaatrader1@rtxfintech.com","000000000022266XILO1","BUY","BID","EXPIRED","false","USD","000000000000001GILO1","50","10YS","NO","-30.625","20","-30.500","07/25/2023 00:13:49.701","NO","Electronic","0","","PRINCIPAL","UTC","LIMIT","07/25/2023 00:14:09.685","bps","RTXF","","07/27/2033","MILLION","07/27/2023","AMRS","ZERO","OTW","","USI","1Y","SOFR","1Y",""
"MBUS","MBUS","000000000029825JALO1","000000000023765JILO1","megatrader1@rtxfintech.com","1","150","150","150","NONE","false","HOST: 0.0.0.0","CREATE","megatrader1@rtxfintech.com","000000000022253XILO1","BUY","BID","EXECUTED","false","USD","000000000000001GILO1","150","CCRVS2,3","YES","-17.031","20","-17.00","07/24/2023 16:32:26.315","NO","Electronic","0","","PRINCIPAL","UTC","LIMIT","07/24/2023 16:32:46.299","bps","RTXF","","07/26/2026","MILLION","07/26/2023","AMRS","ZERO","OTW","","USI","1Y","SOFR","1Y",""
"MBUS","Bank of Montreal","000000000029827JALO1","000000000023765JILO1","megatrader1@rtxfintech.com","1","150","0","0","FULL","false","HOST: 0.0.0.0","MODIFY","geethan.rayan@bmo.com","000000000022253XILO1","BUY","BUY","EXECUTED","false","USD","000000000000001GILO1","150","CCRVS2,3","YES","-17.031","20","-17.00","07/24/2023 16:32:34.174","NO","Electronic","0","","PRINCIPAL","UTC","LIMIT","07/24/2023 16:32:46.299","bps","RTXF","No","07/26/2026","MILLION","07/26/2023","AMRS","ZERO","OTW","","USI","1Y","SOFR","1Y","RTXFXIX230724016"
"Bank of Montreal","Bank of Montreal","000000000015647YALO1","000000000023765JILO1","geethan.rayan@bmo.com","","150","150","150","FULL","false","HOST: 0.0.0.0","CREATE","geethan.rayan@bmo.com","000000000022253XILO1","BUY","SELL","EXECUTED","false","USD","000000000000001GILO1","150","CCRVS2,3","YES","-17.031","20","-17.00","07/24/2023 16:32:34.174","NO","Electronic","150","","PRINCIPAL","UTC","LIMIT","07/24/2023 16:32:46.299","bps","RTXF","","07/26/2026","MILLION","07/26/2023","AMRS","ZERO","OTW","","USI","1Y","SOFR","1Y","RTXFXIX230724016"
"AAA Bank","AAA Bank","000000000029848JALO1","000000000023779JILO1","aaatrader1@rtxfintech.com","1","25","25","25","NONE","false","HOST: 0.0.0.0","CREATE","aaatrader1@rtxfintech.com","000000000022267XILO1","BUY","BID","CANCELLED","false","USD","000000000000001GILO1","25","30YS","NO","-72.325","20","-72.200","07/25/2023 00:19:49.328","NO","Electronic","0","","PRINCIPAL","UTC","LIMIT","07/25/2023 00:20:09.314","bps","RTXF","","07/27/2053","MILLION","07/27/2023","AMRS","ZERO","Manual","","USI","1Y","SOFR","1Y",""
"AAA Bank","AAA Bank","000000000029849JALO1","000000000023779JILO1","aaatrader1@rtxfintech.com","1","25","25","25","NONE","true","HOST: 0.0.0.0","CANCEL","aaatrader1@rtxfintech.com","000000000022267XILO1","BUY","BID","CANCELLED","false","USD","000000000000001GILO1","25","30YS","NO","-72.325","20","-72.200","07/25/2023 00:19:58.257","NO","Electronic","0","","PRINCIPAL","UTC","LIMIT","07/25/2023 00:20:09.314","bps","RTXF","","07/27/2053","MILLION","07/27/2023","AMRS","ZERO","Manual","","USI","1Y","SOFR","1Y",""
"Royal Bank Of Canada","Royal Bank Of Canada","000000000029836JALO1","000000000023771JILO1","Andrew.Ansel@rbccm.cm","1","50","50","50","NONE","false","HOST: 0.0.0.0","CREATE","Andrew.Ansel@rbccm.cm","000000000022259XILO1","BUY","BID","EXPIRED","false","USD","000000000000001GILO1","50","10YS","NO","-30.625","20","-30.500","07/24/2023 16:55:09.324","NO","Electronic","0","","PRINCIPAL","UTC","LIMIT","07/24/2023 16:55:29.304","bps","RTXF","","07/26/2033","MILLION","07/26/2023","AMRS","ZERO","OTW","","USI","1Y","SOFR","1Y",""
"Royal Bank Of Canada","Royal Bank Of Canada","000000000029836JALO1","000000000023771JILO1","Andrew.Ansel@rbccm.cm","1","50","50","50","NONE","false","HOST: 0.0.0.0","EXPIRATION","Andrew.Ansel@rbccm.cm","000000000022259XILO1","BUY","BID","EXPIRED","false","USD","000000000000001GILO1","50","10YS","NO","-30.625","20","-30.500","07/24/2023 16:55:09.324","NO","Electronic","0","","PRINCIPAL","UTC","LIMIT","07/24/2023 16:55:29.304","bps","RTXF","","07/26/2033","MILLION","07/26/2023","AMRS","ZERO","OTW","","USI","1Y","SOFR","1Y",""
"MBUS","MBUS","000000000029789JALO1","000000000023746JILO1","megatrader2@rtxfintech.com","1","150","150","150","NONE","false","HOST: 0.0.0.0","CREATE","megatrader2@rtxfintech.com","000000000022236XILO1","SELL","OFFER","EXECUTED","false","USD","000000000000001GILO1","150","10YS","NO","-30.625","-999","-30.500","07/24/2023 13:28:20.103","NO","Electronic","0","","PRINCIPAL","UTC","LIMIT","07/24/2023 18:30:00.000","bps","RTXF","","07/26/2033","MILLION","07/26/2023","AMRS","ZERO","OTW","","USI","1Y","SOFR","1Y",""
"MBUS","Bank of Montreal","000000000029790JALO1","000000000023746JILO1","megatrader2@rtxfintech.com","1","150","100","50","PARTIAL","false","HOST: 0.0.0.0","MODIFY","geethan.rayan@bmo.com","000000000022236XILO1","SELL","SELL","EXECUTED","false","USD","000000000000001GILO1","150","10YS","NO","-30.625","-999","-30.500","07/24/2023 13:28:26.503","NO","Electronic","0","","PRINCIPAL","UTC","LIMIT","07/24/2023 18:30:00.000","bps","RTXF","No","07/26/2033","MILLION","07/26/2023","AMRS","ZERO","OTW","","USI","1Y","SOFR","1Y","RTXFXIX230724001"
"Bank of Montreal","Bank of Montreal","000000000015632YALO1","000000000023746JILO1","geethan.rayan@bmo.com","","150","50","50","FULL","false","HOST: 0.0.0.0","CREATE","geethan.rayan@bmo.com","000000000022236XILO1","SELL","BUY","EXECUTED","false","USD","000000000000001GILO1","50","10YS","NO","-30.625","-999","-30.500","07/24/2023 13:28:26.503","NO","Electronic","50","","PRINCIPAL","UTC","LIMIT","07/24/2023 18:30:00.000","bps","RTXF","","07/26/2033","MILLION","07/26/2023","AMRS","ZERO","OTW","","USI","1Y","SOFR","1Y","RTXFXIX230724001"
"MBUS","Bank of Montreal","000000000029791JALO1","000000000023746JILO1","megatrader2@rtxfintech.com","1","150","50","50","PARTIAL","false","HOST: 0.0.0.0","MODIFY","geethan.rayan@bmo.com","000000000022236XILO1","SELL","SELL","EXECUTED","false","USD","000000000000001GILO1","150","10YS","NO","-30.625","-999","-30.500","07/24/2023 13:28:29.254","NO","Electronic","0","","PRINCIPAL","UTC","LIMIT","07/24/2023 18:30:00.000","bps","RTXF","No","07/26/2033","MILLION","07/26/2023","AMRS","ZERO","OTW","","USI","1Y","SOFR","1Y","RTXFXIX230724001"
"Bank of Montreal","Bank of Montreal","000000000015633YALO1","000000000023746JILO1","geethan.rayan@bmo.com","","150","50","50","FULL","false","HOST: 0.0.0.0","CREATE","geethan.rayan@bmo.com","000000000022236XILO1","SELL","BUY","EXECUTED","false","USD","000000000000001GILO1","50","10YS","NO","-30.625","-999","-30.500","07/24/2023 13:28:29.254","NO","Electronic","50","","PRINCIPAL","UTC","LIMIT","07/24/2023 18:30:00.000","bps","RTXF","","07/26/2033","MILLION","07/26/2023","AMRS","ZERO","OTW","","USI","1Y","SOFR","1Y","RTXFXIX230724002"
"MBUS","Bank of Montreal","000000000029792JALO1","000000000023746JILO1","megatrader2@rtxfintech.com","1","150","0","0","FULL","false","HOST: 0.0.0.0","MODIFY","geethan.rayan@bmo.com","000000000022236XILO1","SELL","SELL","EXECUTED","false","USD","000000000000001GILO1","150","10YS","NO","-30.625","-999","-30.500","07/24/2023 13:28:31.124","NO","Electronic","0","","PRINCIPAL","UTC","LIMIT","07/24/2023 18:30:00.000","bps","RTXF","No","07/26/2033","MILLION","07/26/2023","AMRS","ZERO","OTW","","USI","1Y","SOFR","1Y","RTXFXIX230724002"
"Bank of Montreal","Bank of Montreal","000000000015634YALO1","000000000023746JILO1","geethan.rayan@bmo.com","","150","50","50","FULL","false","HOST: 0.0.0.0","CREATE","geethan.rayan@bmo.com","000000000022236XILO1","SELL","BUY","EXECUTED","false","USD","000000000000001GILO1","50","10YS","NO","-30.625","-999","-30.500","07/24/2023 13:28:31.124","NO","Electronic","50","","PRINCIPAL","UTC","LIMIT","07/24/2023 18:30:00.000","bps","RTXF","","07/26/2033","MILLION","07/26/2023","AMRS","ZERO","OTW","","USI","1Y","SOFR","1Y","RTXFXIX230724003"
"AAA Bank","AAA Bank","000000000029864JALO1","000000000023787JILO1","aaatrader3@rtxfintech.com","1","200","200","200","NONE","false","HOST: 0.0.0.0","CREATE","aaatrader3@rtxfintech.com","000000000022275XILO1","SELL","OFFER","EXECUTED","false","USD","000000000000001GILO1","200","2YS","NO","0.25","-999","0.0","07/25/2023 15:51:10.807","NO","Electronic","0","","PRINCIPAL","UTC","LIMIT","07/25/2023 18:30:00.000","bps","RTXF","","07/27/2025","MILLION","07/27/2023","AMRS","ZERO","OTW","","USI","1Y","SOFR","1Y",""
"AAA Bank","Giga Bank","000000000029865JALO1","000000000023787JILO1","aaatrader3@rtxfintech.com","1","200","0","0","FULL","false","HOST: 0.0.0.0","MODIFY","gigatrader1@rtxfintech.com","000000000022275XILO1","SELL","SELL","EXECUTED","false","USD","000000000000001GILO1","200","2YS","NO","0.25","-999","0.0","07/25/2023 15:55:52.342","NO","Electronic","0","","PRINCIPAL","UTC","LIMIT","07/25/2023 18:30:00.000","bps","RTXF","No","07/27/2025","MILLION","07/27/2023","AMRS","ZERO","OTW","","USI","1Y","SOFR","1Y","RTXFXIX230725006"
"Giga Bank","Giga Bank","000000000015658YALO1","000000000023787JILO1","gigatrader1@rtxfintech.com","","200","200","200","FULL","false","HOST: 0.0.0.0","CREATE","gigatrader1@rtxfintech.com","000000000022275XILO1","SELL","BUY","EXECUTED","false","USD","000000000000001GILO1","200","2YS","NO","0.25","-999","0.0","07/25/2023 15:55:52.342","NO","Electronic","200","","PRINCIPAL","UTC","LIMIT","07/25/2023 18:30:00.000","bps","RTXF","","07/27/2025","MILLION","07/27/2023","AMRS","ZERO","OTW","","USI","1Y","SOFR","1Y","RTXFXIX230725006"
"Societe Generale","Societe Generale","000000000029854JALO1","000000000023782JILO1","Olivier.daumasson@sgcib.com","1","50","50","50","NONE","false","HOST: 0.0.0.0","CREATE","Olivier.daumasson@sgcib.com","000000000022270XILO1","BUY","BID","EXECUTED","false","USD","000000000000001GILO1","50","10YS","NO","-30.625","20","-30.500","07/25/2023 14:19:25.047","NO","Electronic","0","","PRINCIPAL","UTC","LIMIT","07/25/2023 14:19:45.032","bps","RTXF","","07/27/2033","MILLION","07/27/2023","AMRS","ZERO","OTW","","USI","1Y","SOFR","1Y",""
"Societe Generale","AAA Bank","000000000029855JALO1","000000000023782JILO1","Olivier.daumasson@sgcib.com","1","50","0","0","FULL","false","HOST: 0.0.0.0","MODIFY","xin@rtxfintech.com","000000000022270XILO1","BUY","BUY","EXECUTED","false","USD","000000000000001GILO1","50","10YS","NO","-30.625","20","-30.500","07/25/2023 14:19:31.525","NO","Electronic","0","","PRINCIPAL","UTC","LIMIT","07/25/2023 14:19:45.032","bps","RTXF","No","07/27/2033","MILLION","07/27/2023","AMRS","ZERO","OTW","","USI","1Y","SOFR","1Y","RTXFXIX230725001"
"AAA Bank","AAA Bank","000000000015653YALO1","000000000023782JILO1","xin@rtxfintech.com","","50","50","50","FULL","false","HOST: 0.0.0.0","CREATE","xin@rtxfintech.com","000000000022270XILO1","BUY","SELL","EXECUTED","false","USD","000000000000001GILO1","50","10YS","NO","-30.625","20","-30.500","07/25/2023 14:19:31.525","NO","Electronic","50","","PRINCIPAL","UTC","LIMIT","07/25/2023 14:19:45.032","bps","RTXF","","07/27/2033","MILLION","07/27/2023","AMRS","ZERO","OTW","","USI","1Y","SOFR","1Y","RTXFXIX230725001"
"Bank of Montreal","Bank of Montreal","000000000029793JALO1","000000000023747JILO1","geethan.rayan@bmo.com","1","200","200","200","NONE","false","HOST: 0.0.0.0","CREATE","geethan.rayan@bmo.com","000000000022237XILO1","BUY","BID","EXECUTED","false","USD","000000000000001GILO1","200","2Y","YES","3.49875","20","3.5","07/24/2023 13:33:51.121","NO","Electronic","0","","PRINCIPAL","UTC","LIMIT","07/24/2023 13:34:11.100","Yield","RTXF","","07/26/2025","MILLION","07/26/2023","AMRS","ZERO","OTW","","USI","1Y","SOFR","1Y",""
"Bank of Montreal","MBUS","000000000029794JALO1","000000000023747JILO1","geethan.rayan@bmo.com","1","200","0","0","FULL","false","HOST: 0.0.0.0","MODIFY","megatrader2@rtxfintech.com","000000000022237XILO1","BUY","BUY","EXECUTED","false","USD","000000000000001GILO1","200","2Y","YES","3.49875","20","3.5","07/24/2023 13:33:55.643","NO","Electronic","0","","PRINCIPAL","UTC","LIMIT","07/24/2023 13:34:11.100","Yield","RTXF","No","07/26/2025","MILLION","07/26/2023","AMRS","ZERO","OTW","","USI","1Y","SOFR","1Y","RTXFXIX230724004"
"MBUS","MBUS","000000000015635YALO1","000000000023747JILO1","megatrader2@rtxfintech.com","","200","200","200","FULL","false","HOST: 0.0.0.0","CREATE","megatrader2@rtxfintech.com","000000000022237XILO1","BUY","SELL","EXECUTED","false","USD","000000000000001GILO1","200","2Y","YES","3.49875","20","3.5","07/24/2023 13:33:55.643","NO","Electronic","200","","PRINCIPAL","UTC","LIMIT","07/24/2023 13:34:11.100","Yield","RTXF","","07/26/2025","MILLION","07/26/2023","AMRS","ZERO","OTW","","USI","1Y","SOFR","1Y","RTXFXIX230724004"
"Royal Bank Of Canada","Royal Bank Of Canada","000000000029880JALO1","000000000023795JILO1","Andrew.Ansel@rbccm.cm","1","100","100","100","NONE","false","HOST: 0.0.0.0","CREATE","Andrew.Ansel@rbccm.cm","000000000022283XILO1","BUY","BID","EXECUTED","false","USD","000000000000001GILO1","100","5YS","NO","-26.125","20","-26.00","07/25/2023 18:39:23.321","NO","Electronic","0","","PRINCIPAL","UTC","LIMIT","07/25/2023 18:39:43.306","bps","RTXF","","07/27/2028","MILLION","07/27/2023","AMRS","ZERO","OTW","","USI","1Y","SOFR","1Y",""
"Royal Bank Of Canada","MBUS","000000000029881JALO1","000000000023795JILO1","Andrew.Ansel@rbccm.cm","1","100","0","0","FULL","false","HOST: 0.0.0.0","MODIFY","megatrader1@rtxfintech.com","000000000022283XILO1","BUY","BUY","EXECUTED","false","USD","000000000000001GILO1","100","5YS","NO","-26.125","20","-26.00","07/25/2023 18:39:40.408","NO","Electronic","0","","PRINCIPAL","UTC","LIMIT","07/25/2023 18:39:43.306","bps","RTXF","No","07/27/2028","MILLION","07/27/2023","AMRS","ZERO","OTW","","USI","1Y","SOFR","1Y","RTXFXIX230725013"
"MBUS","MBUS","000000000015665YALO1","000000000023795JILO1","megatrader1@rtxfintech.com","","100","100","100","FULL","false","HOST: 0.0.0.0","CREATE","megatrader1@rtxfintech.com","000000000022283XILO1","BUY","SELL","EXECUTED","false","USD","000000000000001GILO1","100","5YS","NO","-26.125","20","-26.00","07/25/2023 18:39:40.408","NO","Electronic","100","","PRINCIPAL","UTC","LIMIT","07/25/2023 18:39:43.306","bps","RTXF","","07/27/2028","MILLION","07/27/2023","AMRS","ZERO","OTW","","USI","1Y","SOFR","1Y","RTXFXIX230725013"
"AAA Bank","AAA Bank","000000000029866JALO1","000000000023788JILO1","aaatrader3@rtxfintech.com","1","200","200","200","NONE","false","HOST: 0.0.0.0","CREATE","aaatrader3@rtxfintech.com","000000000022276XILO1","SELL","OFFER","EXECUTED","false","USD","000000000000001GILO1","200","2YS","NO","0.25","-999","0.0","07/25/2023 15:59:07.253","NO","Electronic","0","","PRINCIPAL","UTC","LIMIT","07/25/2023 18:30:00.000","bps","RTXF","","07/27/2025","MILLION","07/27/2023","AMRS","ZERO","OTW","","USI","1Y","SOFR","1Y",""
"AAA Bank","MBUS","000000000029867JALO1","000000000023788JILO1","aaatrader3@rtxfintech.com","1","200","0","0","FULL","false","HOST: 0.0.0.0","MODIFY","megatrader1@rtxfintech.com","000000000022276XILO1","SELL","SELL","EXECUTED","false","USD","000000000000001GILO1","200","2YS","NO","0.25","-999","0.0","07/25/2023 15:59:48.677","NO","Electronic","0","","PRINCIPAL","UTC","LIMIT","07/25/2023 18:30:00.000","bps","RTXF","No","07/27/2025","MILLION","07/27/2023","AMRS","ZERO","OTW","","USI","1Y","SOFR","1Y","RTXFXIX230725007"
"MBUS","MBUS","000000000015659YALO1","000000000023788JILO1","megatrader1@rtxfintech.com","","200","200","200","FULL","false","HOST: 0.0.0.0","CREATE","megatrader1@rtxfintech.com","000000000022276XILO1","SELL","BUY","EXECUTED","false","USD","000000000000001GILO1","200","2YS","NO","0.25","-999","0.0","07/25/2023 15:59:48.677","NO","Electronic","200","","PRINCIPAL","UTC","LIMIT","07/25/2023 18:30:00.000","bps","RTXF","","07/27/2025","MILLION","07/27/2023","AMRS","ZERO","OTW","","USI","1Y","SOFR","1Y","RTXFXIX230725007"
"AAA Bank","AAA Bank","000000000029850JALO1","000000000023780JILO1","aaatrader1@rtxfintech.com","1","50","50","50","NONE","false","HOST: 0.0.0.0","CREATE","aaatrader1@rtxfintech.com","000000000022268XILO1","BUY","BID","CANCELLED","false","USD","000000000000001GILO1","50","10YS","NO","-30.625","20","-30.500","07/25/2023 00:27:23.130","NO","Electronic","0","","PRINCIPAL","UTC","LIMIT","07/25/2023 00:27:43.114","bps","RTXF","","07/27/2033","MILLION","07/27/2023","AMRS","ZERO","Manual","","USI","1Y","SOFR","1Y",""
"AAA Bank","AAA Bank","000000000029851JALO1","000000000023780JILO1","aaatrader1@rtxfintech.com","1","50","50","50","NONE","true","HOST: 0.0.0.0","CANCEL","aaatrader1@rtxfintech.com","000000000022268XILO1","BUY","BID","CANCELLED","false","USD","000000000000001GILO1","50","10YS","NO","-30.625","20","-30.500","07/25/2023 00:27:24.994","NO","Electronic","0","","PRINCIPAL","UTC","LIMIT","07/25/2023 00:27:43.114","bps","RTXF","","07/27/2033","MILLION","07/27/2023","AMRS","ZERO","Manual","","USI","1Y","SOFR","1Y",""
"Royal Bank Of Canada","Royal Bank Of Canada","000000000029882JALO1","000000000023796JILO1","Andrew.Ansel@rbccm.cm","1","100","100","100","NONE","false","HOST: 0.0.0.0","CREATE","Andrew.Ansel@rbccm.cm","000000000022284XILO1","BUY","BID","EXPIRED","false","USD","000000000000001GILO1","100","5YS","NO","-26.125","20","-26.00","07/25/2023 18:45:08.307","NO","Electronic","0","","PRINCIPAL","UTC","LIMIT","07/25/2023 18:45:28.289","bps","RTXF","","07/27/2028","MILLION","07/27/2023","AMRS","ZERO","OTW","","USI","1Y","SOFR","1Y",""
"Royal Bank Of Canada","Royal Bank Of Canada","000000000029882JALO1","000000000023796JILO1","Andrew.Ansel@rbccm.cm","1","100","100","100","NONE","false","HOST: 0.0.0.0","EXPIRATION","Andrew.Ansel@rbccm.cm","000000000022284XILO1","BUY","BID","EXPIRED","false","USD","000000000000001GILO1","100","5YS","NO","-26.125","20","-26.00","07/25/2023 18:45:08.307","NO","Electronic","0","","PRINCIPAL","UTC","LIMIT","07/25/2023 18:45:28.289","bps","RTXF","","07/27/2028","MILLION","07/27/2023","AMRS","ZERO","OTW","","USI","1Y","SOFR","1Y",""
"MBUS","MBUS","000000000029809JALO1","000000000023756JILO1","megatrader1@rtxfintech.com","1","100","100","100","NONE","false","HOST: 0.0.0.0","CREATE","megatrader1@rtxfintech.com","000000000022245XILO1","BUY","BID","EXECUTED","false","USD","000000000000001GILO1","100","CRVS2,5","YES","-26.125","20","-26.00","07/24/2023 16:23:09.370","NO","Electronic","0","","PRINCIPAL","UTC","LIMIT","07/24/2023 16:23:29.352","bps","RTXF","","07/26/2028","MILLION","07/26/2023","AMRS","ZERO","OTW","","USI","1Y","SOFR","1Y",""
"MBUS","Bank of Montreal","000000000029810JALO1","000000000023756JILO1","megatrader1@rtxfintech.com","1","100","0","0","FULL","false","HOST: 0.0.0.0","MODIFY","geethan.rayan@bmo.com","000000000022245XILO1","BUY","BUY","EXECUTED","false","USD","000000000000001GILO1","100","CRVS2,5","YES","-26.125","20","-26.00","07/24/2023 16:23:15.087","NO","Electronic","0","","PRINCIPAL","UTC","LIMIT","07/24/2023 16:23:29.352","bps","RTXF","No","07/26/2028","MILLION","07/26/2023","AMRS","ZERO","OTW","","USI","1Y","SOFR","1Y","RTXFXIX230724011"
"Bank of Montreal","Bank of Montreal","000000000015642YALO1","000000000023756JILO1","geethan.rayan@bmo.com","","100","100","100","FULL","false","HOST: 0.0.0.0","CREATE","geethan.rayan@bmo.com","000000000022245XILO1","BUY","SELL","EXECUTED","false","USD","000000000000001GILO1","100","CRVS2,5","YES","-26.125","20","-26.00","07/24/2023 16:23:15.087","NO","Electronic","100","","PRINCIPAL","UTC","LIMIT","07/24/2023 16:23:29.352","bps","RTXF","","07/26/2028","MILLION","07/26/2023","AMRS","ZERO","OTW","","USI","1Y","SOFR","1Y","RTXFXIX230724011"
"Royal Bank Of Canada","Royal Bank Of Canada","000000000029839JALO1","000000000023773JILO1","Andrew.Ansel@rbccm.cm","1","50","50","50","NONE","false","HOST: 0.0.0.0","CREATE","Andrew.Ansel@rbccm.cm","000000000022261XILO1","BUY","BID","EXECUTED","false","USD","000000000000001GILO1","50","10YS","NO","-30.625","20","-30.500","07/24/2023 18:02:52.570","NO","Electronic","0","","PRINCIPAL","UTC","LIMIT","07/24/2023 18:03:12.551","bps","RTXF","","07/26/2033","MILLION","07/26/2023","AMRS","ZERO","OTW","","USI","1Y","SOFR","1Y",""
"Royal Bank Of Canada","MBUS","000000000029840JALO1","000000000023773JILO1","Andrew.Ansel@rbccm.cm","1","50","0","0","FULL","false","HOST: 0.0.0.0","MODIFY","megatrader1@rtxfintech.com","000000000022261XILO1","BUY","BUY","EXECUTED","false","USD","000000000000001GILO1","50","10YS","NO","-30.625","20","-30.500","07/24/2023 18:02:54.721","NO","Electronic","0","","PRINCIPAL","UTC","LIMIT","07/24/2023 18:03:12.551","bps","RTXF","No","07/26/2033","MILLION","07/26/2023","AMRS","ZERO","OTW","","USI","1Y","SOFR","1Y","RTXFXIX230724021"
"MBUS","MBUS","000000000015652YALO1","000000000023773JILO1","megatrader1@rtxfintech.com","","50","50","50","FULL","false","HOST: 0.0.0.0","CREATE","megatrader1@rtxfintech.com","000000000022261XILO1","BUY","SELL","EXECUTED","false","USD","000000000000001GILO1","50","10YS","NO","-30.625","20","-30.500","07/24/2023 18:02:54.721","NO","Electronic","50","","PRINCIPAL","UTC","LIMIT","07/24/2023 18:03:12.551","bps","RTXF","","07/26/2033","MILLION","07/26/2023","AMRS","ZERO","OTW","","USI","1Y","SOFR","1Y","RTXFXIX230724021"
"MBUS","MBUS","000000000029817JALO1","000000000023760JILO1","megatrader1@rtxfintech.com","1","150","150","150","NONE","false","HOST: 0.0.0.0","CREATE","megatrader1@rtxfintech.com","000000000022249XILO1","BUY","BID","EXECUTED","false","USD","000000000000001GILO1","150","CCRV2,3","YES","49.968","20","50.0","07/24/2023 16:27:44.091","NO","Electronic","0","","PRINCIPAL","UTC","LIMIT","07/24/2023 16:28:04.073","bps","RTXF","","07/26/2026","MILLION","07/26/2023","AMRS","ZERO","OTW","","USI","1Y","SOFR","1Y",""
"MBUS","Bank of Montreal","000000000029818JALO1","000000000023760JILO1","megatrader1@rtxfintech.com","1","150","0","0","FULL","false","HOST: 0.0.0.0","MODIFY","geethan.rayan@bmo.com","000000000022249XILO1","BUY","BUY","EXECUTED","false","USD","000000000000001GILO1","150","CCRV2,3","YES","49.968","20","50.0","07/24/2023 16:27:46.388","NO","Electronic","0","","PRINCIPAL","UTC","LIMIT","07/24/2023 16:28:04.073","bps","RTXF","No","07/26/2026","MILLION","07/26/2023","AMRS","ZERO","OTW","","USI","1Y","SOFR","1Y","RTXFXIX230724015"
"Bank of Montreal","Bank of Montreal","000000000015646YALO1","000000000023760JILO1","geethan.rayan@bmo.com","","150","150","150","FULL","false","HOST: 0.0.0.0","CREATE","geethan.rayan@bmo.com","000000000022249XILO1","BUY","SELL","EXECUTED","false","USD","000000000000001GILO1","150","CCRV2,3","YES","49.968","20","50.0","07/24/2023 16:27:46.388","NO","Electronic","150","","PRINCIPAL","UTC","LIMIT","07/24/2023 16:28:04.073","bps","RTXF","","07/26/2026","MILLION","07/26/2023","AMRS","ZERO","OTW","","USI","1Y","SOFR","1Y","RTXFXIX230724015"
"MBUS","MBUS","000000000029811JALO1","000000000023757JILO1","megatrader1@rtxfintech.com","1","150","150","150","NONE","false","HOST: 0.0.0.0","CREATE","megatrader1@rtxfintech.com","000000000022246XILO1","BUY","BID","EXECUTED","false","USD","000000000000001GILO1","150","CRV2,3","YES","49.875","20","50.0","07/24/2023 16:27:06.790","NO","Electronic","0","","PRINCIPAL","UTC","LIMIT","07/24/2023 16:27:26.768","bps","RTXF","","07/26/2026","MILLION","07/26/2023","AMRS","ZERO","OTW","","USI","1Y","SOFR","1Y",""
"MBUS","Bank of Montreal","000000000029812JALO1","000000000023757JILO1","megatrader1@rtxfintech.com","1","150","0","0","FULL","false","HOST: 0.0.0.0","MODIFY","geethan.rayan@bmo.com","000000000022246XILO1","BUY","BUY","EXECUTED","false","USD","000000000000001GILO1","150","CRV2,3","YES","49.875","20","50.0","07/24/2023 16:27:09.200","NO","Electronic","0","","PRINCIPAL","UTC","LIMIT","07/24/2023 16:27:26.768","bps","RTXF","No","07/26/2026","MILLION","07/26/2023","AMRS","ZERO","OTW","","USI","1Y","SOFR","1Y","RTXFXIX230724012"
"Bank of Montreal","Bank of Montreal","000000000015643YALO1","000000000023757JILO1","geethan.rayan@bmo.com","","150","150","150","FULL","false","HOST: 0.0.0.0","CREATE","geethan.rayan@bmo.com","000000000022246XILO1","BUY","SELL","EXECUTED","false","USD","000000000000001GILO1","150","CRV2,3","YES","49.875","20","50.0","07/24/2023 16:27:09.200","NO","Electronic","150","","PRINCIPAL","UTC","LIMIT","07/24/2023 16:27:26.768","bps","RTXF","","07/26/2026","MILLION","07/26/2023","AMRS","ZERO","OTW","","USI","1Y","SOFR","1Y","RTXFXIX230724012"
"Bank of Montreal","Bank of Montreal","000000000029799JALO1","000000000023750JILO1","geethan.rayan@bmo.com","1","150","150","150","NONE","false","HOST: 0.0.0.0","CREATE","geethan.rayan@bmo.com","000000000022240XILO1","SELL","OFFER","EXECUTED","false","USD","000000000000001GILO1","150","CRVS2,3","YES","-16.875","20","-17.00","07/24/2023 13:34:07.423","NO","Electronic","0","","PRINCIPAL","UTC","LIMIT","07/24/2023 13:34:27.403","bps","RTXF","","07/26/2026","MILLION","07/26/2023","AMRS","ZERO","OTW","","USI","1Y","SOFR","1Y",""
"Bank of Montreal","MBUS","000000000029800JALO1","000000000023750JILO1","geethan.rayan@bmo.com","1","150","0","0","FULL","false","HOST: 0.0.0.0","MODIFY","megatrader2@rtxfintech.com","000000000022240XILO1","SELL","SELL","EXECUTED","false","USD","000000000000001GILO1","150","CRVS2,3","YES","-16.875","20","-17.00","07/24/2023 13:34:09.846","NO","Electronic","0","","PRINCIPAL","UTC","LIMIT","07/24/2023 13:34:27.403","bps","RTXF","No","07/26/2026","MILLION","07/26/2023","AMRS","ZERO","OTW","","USI","1Y","SOFR","1Y","RTXFXIX230724007"
"MBUS","MBUS","000000000015638YALO1","000000000023750JILO1","megatrader2@rtxfintech.com","","150","150","150","FULL","false","HOST: 0.0.0.0","CREATE","megatrader2@rtxfintech.com","000000000022240XILO1","SELL","BUY","EXECUTED","false","USD","000000000000001GILO1","150","CRVS2,3","YES","-16.875","20","-17.00","07/24/2023 13:34:09.846","NO","Electronic","150","","PRINCIPAL","UTC","LIMIT","07/24/2023 13:34:27.403","bps","RTXF","","07/26/2026","MILLION","07/26/2023","AMRS","ZERO","OTW","","USI","1Y","SOFR","1Y","RTXFXIX230724007"
"AAA Bank","AAA Bank","000000000029786JALO1","000000000023745JILO1","aaatrader1@rtxfintech.com","1","200","200","200","NONE","false","HOST: 0.0.0.0","CREATE","aaatrader1@rtxfintech.com","000000000022235XILO1","SELL","OFFER","CANCELLED","false","USD","000000000000001GILO1","200","2YS","NO","0.125","20","0.0","07/24/2023 00:04:57.998","NO","Electronic","0","","PRINCIPAL","UTC","LIMIT","07/24/2023 00:05:17.975","bps","RTXF","","07/26/2025","MILLION","07/26/2023","AMRS","ZERO","Manual","","USI","1Y","SOFR","1Y",""
"AAA Bank","AAA Bank","000000000029788JALO1","000000000023745JILO1","aaatrader1@rtxfintech.com","1","200","200","200","NONE","true","HOST: 0.0.0.0","CANCEL","aaatrader1@rtxfintech.com","000000000022235XILO1","SELL","OFFER","CANCELLED","false","USD","000000000000001GILO1","200","2YS","NO","0.125","20","0.0","07/24/2023 00:05:00.734","NO","Electronic","0","","PRINCIPAL","UTC","LIMIT","07/24/2023 00:05:17.975","bps","RTXF","","07/26/2025","MILLION","07/26/2023","AMRS","ZERO","Manual","","USI","1Y","SOFR","1Y",""
"AAA Bank","AAA Bank","000000000029805JALO1","000000000023753JILO1","xin@rtxfintech.com","1","50","50","50","NONE","false","HOST: 0.0.0.0","CREATE","xin@rtxfintech.com","000000000022243XILO1","BUY","BID","EXPIRED","false","USD","000000000000001GILO1","50","10YS","NO","-30.625","20","-30.500","07/24/2023 16:18:15.483","NO","Electronic","0","","PRINCIPAL","UTC","LIMIT","07/24/2023 16:18:35.467","bps","RTXF","","07/26/2033","MILLION","07/26/2023","AMRS","ZERO","OTW","","USI","1Y","SOFR","1Y",""
"AAA Bank","AAA Bank","000000000029806JALO1","000000000023754JILO1","xin@rtxfintech.com","2","100","100","100","NONE","false","HOST: 0.0.0.0","CREATE","xin@rtxfintech.com","000000000022243XILO1","BUY","BID","EXPIRED","false","USD","000000000000001GILO1","50","10YS","NO","-30.625","20","-30.500","07/24/2023 16:18:21.572","NO","Electronic","0","","PRINCIPAL","UTC","LIMIT","07/24/2023 16:18:35.467","bps","RTXF","","07/26/2033","MILLION","07/26/2023","AMRS","ZERO","OTW","","USI","1Y","SOFR","1Y",""
"AAA Bank","AAA Bank","000000000029805JALO1","000000000023753JILO1","xin@rtxfintech.com","1","50","50","50","NONE","false","HOST: 0.0.0.0","EXPIRATION","xin@rtxfintech.com","000000000022243XILO1","BUY","BID","EXPIRED","false","USD","000000000000001GILO1","50","10YS","NO","-30.625","20","-30.500","07/24/2023 16:18:15.483","NO","Electronic","0","","PRINCIPAL","UTC","LIMIT","07/24/2023 16:18:35.467","bps","RTXF","","07/26/2033","MILLION","07/26/2023","AMRS","ZERO","OTW","","USI","1Y","SOFR","1Y",""
"AAA Bank","AAA Bank","000000000029806JALO1","000000000023754JILO1","xin@rtxfintech.com","2","100","100","100","NONE","false","HOST: 0.0.0.0","EXPIRATION","xin@rtxfintech.com","000000000022243XILO1","BUY","BID","EXPIRED","false","USD","000000000000001GILO1","50","10YS","NO","-30.625","20","-30.500","07/24/2023 16:18:21.572","NO","Electronic","0","","PRINCIPAL","UTC","LIMIT","07/24/2023 16:18:35.467","bps","RTXF","","07/26/2033","MILLION","07/26/2023","AMRS","ZERO","OTW","","USI","1Y","SOFR","1Y",""
"MBUS","MBUS","000000000029826JALO1","000000000023766JILO1","megatrader1@rtxfintech.com","1","150","150","150","NONE","false","HOST: 0.0.0.0","CREATE","megatrader1@rtxfintech.com","000000000022254XILO1","BUY","BID","EXECUTED","false","USD","000000000000001GILO1","150","CFLY2,3,4","YES","70.968","20","71.00","07/24/2023 16:32:33.261","NO","Electronic","0","","PRINCIPAL","UTC","LIMIT","07/24/2023 16:32:53.234","bps","RTXF","","07/26/2026","MILLION","07/26/2023","AMRS","ZERO","OTW","","USI","1Y","SOFR","1Y",""
"MBUS","Bank of Montreal","000000000029828JALO1","000000000023766JILO1","megatrader1@rtxfintech.com","1","150","0","0","FULL","false","HOST: 0.0.0.0","MODIFY","geethan.rayan@bmo.com","000000000022254XILO1","BUY","BUY","EXECUTED","false","USD","000000000000001GILO1","150","CFLY2,3,4","YES","70.968","20","71.00","07/24/2023 16:32:36.165","NO","Electronic","0","","PRINCIPAL","UTC","LIMIT","07/24/2023 16:32:53.234","bps","RTXF","No","07/26/2026","MILLION","07/26/2023","AMRS","ZERO","OTW","","USI","1Y","SOFR","1Y","RTXFXIX230724017"
"Bank of Montreal","Bank of Montreal","000000000015648YALO1","000000000023766JILO1","geethan.rayan@bmo.com","","150","150","150","FULL","false","HOST: 0.0.0.0","CREATE","geethan.rayan@bmo.com","000000000022254XILO1","BUY","SELL","EXECUTED","false","USD","000000000000001GILO1","150","CFLY2,3,4","YES","70.968","20","71.00","07/24/2023 16:32:36.165","NO","Electronic","150","","PRINCIPAL","UTC","LIMIT","07/24/2023 16:32:53.234","bps","RTXF","","07/26/2026","MILLION","07/26/2023","AMRS","ZERO","OTW","","USI","1Y","SOFR","1Y","RTXFXIX230724017"
"MBUS","MBUS","000000000029821JALO1","000000000023762JILO1","megatrader2@rtxfintech.com","1","300","300","300","NONE","false","HOST: 0.0.0.0","CREATE","megatrader2@rtxfintech.com","000000000022251XILO1","BUY","BID","CANCELLED","false","USD","000000000000001GILO1","300","5YS","NO","-26.125","-999","-26.00","07/24/2023 16:28:38.924","YES","Electronic","0","","PRINCIPAL","UTC","LIMIT","07/24/2023 18:30:00.000","bps","RTXF","","07/26/2028","MILLION","07/26/2023","AMRS","ZERO","Manual","","USI","1Y","SOFR","1Y",""
"MBUS","MBUS","000000000029822JALO1","000000000023762JILO1","megatrader2@rtxfintech.com","1","300","300","300","NONE","true","HOST: 0.0.0.0","CANCEL","megatrader2@rtxfintech.com","000000000022251XILO1","BUY","BID","CANCELLED","false","USD","000000000000001GILO1","300","5YS","NO","-26.125","-999","-26.00","07/24/2023 16:28:45.716","YES","Electronic","0","","PRINCIPAL","UTC","LIMIT","07/24/2023 18:30:00.000","bps","RTXF","","07/26/2028","MILLION","07/26/2023","AMRS","ZERO","Manual","","USI","1Y","SOFR","1Y",""
"Royal Bank Of Canada","Royal Bank Of Canada","000000000029832JALO1","000000000023769JILO1","Andrew.Ansel@rbccm.cm","1","100","100","100","NONE","false","HOST: 0.0.0.0","CREATE","Andrew.Ansel@rbccm.cm","000000000022257XILO1","BUY","BID","CANCELLED","false","USD","000000000000001GILO1","100","5YS","NO","-26.125","20","-26.00","07/24/2023 16:54:01.714","NO","Electronic","0","","PRINCIPAL","UTC","LIMIT","07/24/2023 16:54:21.692","bps","RTXF","","07/26/2028","MILLION","07/26/2023","AMRS","ZERO","Manual","","USI","1Y","SOFR","1Y",""
"Royal Bank Of Canada","Royal Bank Of Canada","000000000029833JALO1","000000000023769JILO1","Andrew.Ansel@rbccm.cm","1","100","100","100","NONE","true","HOST: 0.0.0.0","CANCEL","Andrew.Ansel@rbccm.cm","000000000022257XILO1","BUY","BID","CANCELLED","false","USD","000000000000001GILO1","100","5YS","NO","-26.125","20","-26.00","07/24/2023 16:54:12.711","NO","Electronic","0","","PRINCIPAL","UTC","LIMIT","07/24/2023 16:54:21.692","bps","RTXF","","07/26/2028","MILLION","07/26/2023","AMRS","ZERO","Manual","","USI","1Y","SOFR","1Y",""
"Bank of Montreal","Bank of Montreal","000000000029795JALO1","000000000023748JILO1","geethan.rayan@bmo.com","1","200","200","200","NONE","false","HOST: 0.0.0.0","CREATE","geethan.rayan@bmo.com","000000000022238XILO1","SELL","OFFER","EXECUTED","false","USD","000000000000001GILO1","200","2YS","NO","0.125","20","0.0","07/24/2023 13:33:56.288","NO","Electronic","0","","PRINCIPAL","UTC","LIMIT","07/24/2023 13:34:16.269","bps","RTXF","","07/26/2025","MILLION","07/26/2023","AMRS","ZERO","OTW","","USI","1Y","SOFR","1Y",""
"Bank of Montreal","MBUS","000000000029796JALO1","000000000023748JILO1","geethan.rayan@bmo.com","1","200","0","0","FULL","false","HOST: 0.0.0.0","MODIFY","megatrader2@rtxfintech.com","000000000022238XILO1","SELL","SELL","EXECUTED","false","USD","000000000000001GILO1","200","2YS","NO","0.125","20","0.0","07/24/2023 13:33:59.114","NO","Electronic","0","","PRINCIPAL","UTC","LIMIT","07/24/2023 13:34:16.269","bps","RTXF","No","07/26/2025","MILLION","07/26/2023","AMRS","ZERO","OTW","","USI","1Y","SOFR","1Y","RTXFXIX230724005"
"MBUS","MBUS","000000000015636YALO1","000000000023748JILO1","megatrader2@rtxfintech.com","","200","200","200","FULL","false","HOST: 0.0.0.0","CREATE","megatrader2@rtxfintech.com","000000000022238XILO1","SELL","BUY","EXECUTED","false","USD","000000000000001GILO1","200","2YS","NO","0.125","20","0.0","07/24/2023 13:33:59.114","NO","Electronic","200","","PRINCIPAL","UTC","LIMIT","07/24/2023 13:34:16.269","bps","RTXF","","07/26/2025","MILLION","07/26/2023","AMRS","ZERO","OTW","","USI","1Y","SOFR","1Y","RTXFXIX230724005"
"MBUS","MBUS","000000000029841JALO1","000000000023774JILO1","megatrader3@rtxfintech.com","1","200","200","200","NONE","false","HOST: 0.0.0.0","CREATE","megatrader3@rtxfintech.com","000000000022262XILO1","BUY","BID","CANCELLED","false","USD","000000000000001GILO1","200","2YS","NO","-0.125","20","0.0","07/24/2023 19:48:08.040","NO","Electronic","0","","PRINCIPAL","UTC","LIMIT","07/24/2023 19:48:28.021","bps","RTXF","","07/26/2025","MILLION","07/26/2023","AMRS","ZERO","Manual","","USI","1Y","SOFR","1Y",""
"MBUS","MBUS","000000000029842JALO1","000000000023774JILO1","megatrader3@rtxfintech.com","1","200","200","200","NONE","true","HOST: 0.0.0.0","CANCEL","megatrader3@rtxfintech.com","000000000022262XILO1","BUY","BID","CANCELLED","false","USD","000000000000001GILO1","200","2YS","NO","-0.125","20","0.0","07/24/2023 19:48:27.525","NO","Electronic","0","","PRINCIPAL","UTC","LIMIT","07/24/2023 19:48:28.021","bps","RTXF","","07/26/2025","MILLION","07/26/2023","AMRS","ZERO","Manual","","USI","1Y","SOFR","1Y",""
